Property Id,Property_Type,Number of Buildings,Year_Built,Property_GFA,Site_Energy,Weather Normalized Site Energy Use (GJ),Site EUI (GJ/m²),Weather Normalized Site EUI (GJ/m²),Source Energy Use (GJ),Weather Normalized Source Energy Use (GJ),Source EUI (GJ/m²),Weather Normalized Source EUI (GJ/m²),Emissions_CO2,Emissions_Intensity,Direct GHG Emissions (Metric Tons CO2e),Direct GHG Emissions Intensity (kgCO2e/m²),Electricity,Natural_Gas,Year Ending,Precipitation,Corn_Heat_Unit,Heating_Degree_Days,Cooling_Degree_Days
6169481,Office,1,1981,7770,10118,9899.1,1.3,1.27,13838.4,13609.3,1.78,1.75,1043.6,134.3,323.9,41.7,1058318.4,6308.2,2019,416.3,"1,926.00","5,335.70",20.6
6305956,Office,1,1974,6681,4792.7,4706.3,0.72,0.7,7582.1,7467.1,1.13,1.12,604,90.4,1.3,0.2,536058.2,24.5,2019,416.3,"1,926.00","5,335.70",20.6
6506773,Office,1,2008,14548,11983.9,11805.9,0.82,0.81,16788.6,16608.8,1.15,1.14,1293.7,88.9,362.1,24.9,1369892.9,7052.5,2019,416.3,"1,926.00","5,335.70",20.6
6731628,Office,1,2017,5223,3653.5,3588.3,0.7,0.69,5047.8,4981.9,0.97,0.95,381,72.9,110.9,21.2,397195.5,2159.1,2019,416.3,"1,926.00","5,335.70",20.6
6867796,Office,1,1990,540,506.1,494.7,0.94,0.92,647.2,635.7,1.2,1.18,45.7,84.6,18.6,34.5,39766.8,363,2019,416.3,"1,926.00","5,335.70",20.6
8854296,Office,1,1979,17468,14092.5,13802.8,0.81,0.79,21279.1,20904.9,1.22,1.2,1624.9,93,48.9,2.8,1252457.8,951.3,2019,416.3,"1,926.00","5,335.70",20.6
8854297,Office,1,1931,15195,8004.4,7913.3,0.53,0.52,11084.4,10990.7,0.73,0.72,845.4,55.6,248.9,16.4,877207.7,4846.6,2019,416.3,"1,926.00","5,335.70",20.6
8854298,Office,1,1982,85941,87455.3,85739.7,1.02,1,138141.5,135868.5,1.61,1.58,10999.9,128,59.1,0.7,9786193.4,1150.4,2019,416.3,"1,926.00","5,335.70",20.6
8854299,Office,1,1978,3664.9,2984.4,2903.5,0.81,0.79,3905.3,3823.6,1.07,1.04,282.3,77,105.1,28.7,260547.4,2046.4,2019,416.3,"1,926.00","5,335.70",20.6
9265818,Ice/Curling Rink,1,1990,12856,28552.5,27852.4,2.22,2.17,38068.1,37361,2.96,2.91,2802.5,218,967.2,75.2,2698969.1,18836.6,2019,416.3,"1,926.00","5,335.70",20.6
9469974,Fire Station,1,1973,1637.5,1957.8,1853.9,1.2,1.13,2584.1,2479.2,1.58,1.51,188.4,115,67.7,41.4,177406,1319.2,2019,416.3,"1,926.00","5,335.70",20.6
9474562,Ice/Curling Rink,1,1971,4189.8,14754.6,14480.6,3.52,3.46,18503.9,18196.4,4.42,4.34,1279.1,305.3,563,134.4,1053185.7,10963.3,2019,416.3,"1,926.00","5,335.70",20.6
9475593,Ice/Curling Rink,1,1970,3884,5134.2,4958.6,1.32,1.28,6654.6,6440.9,1.71,1.66,476.3,122.6,184.2,47.4,429567.2,3587.9,2019,416.3,"1,926.00","5,335.70",20.6
9481172,Heated Swimming Pool,1,1976,1641.2,10792.1,10665.1,6.58,6.5,12910.9,12782.6,7.87,7.79,845.3,515.1,445.5,271.4,588007.7,8675.3,2019,416.3,"1,926.00","5,335.70",20.6
9492075,Ice/Curling Rink,2,1963,8558,27132.2,26637.8,3.17,3.11,35568.9,35069.6,4.16,4.1,2575.5,300.9,951.9,111.2,2387651.3,18537,2019,416.3,"1,926.00","5,335.70",20.6
9493731,Ice/Curling Rink,1,1975,2295.5,4854.8,4779.3,2.11,2.08,6273,6196.7,2.73,2.7,447.6,195,175.3,76.4,400499.2,3413.1,2019,416.3,"1,926.00","5,335.70",20.6
9493818,Ice/Curling Rink,1,1972,5032,9627.5,9312.9,1.91,1.85,12504,12134.8,2.48,2.41,896.9,178.2,344.1,68.4,812969.8,6700.9,2019,416.3,"1,926.00","5,335.70",20.6
9496797,Ice/Curling Rink,1,1977,5036.4,14139.5,13902.3,2.81,2.76,18490.6,18251,3.67,3.62,1335.6,265.2,498.5,99,1230948.1,9708.3,2019,416.3,"1,926.00","5,335.70",20.6
9498648,Ice/Curling Rink,1,1969,5260.1,11981.5,11773.7,2.28,2.24,16106.7,15896.8,3.06,3.02,1195.2,227.2,398.7,75.8,1171212.2,7765.3,2019,416.3,"1,926.00","5,335.70",20.6
9499354,Ice/Curling Rink,1,1970,2185.5,4475.8,4170.3,2.05,1.91,5808.6,5443.5,2.66,2.49,416.3,190.5,160.2,73.3,376655.3,3119.9,2019,416.3,"1,926.00","5,335.70",20.6
9504074,Ice/Curling Rink,1,1963,3145,8278.8,8016.6,2.63,2.55,10910.7,10596.2,3.47,3.37,794.2,252.5,287.3,91.3,745397.6,5595.5,2019,416.3,"1,926.00","5,335.70",20.6
9552446,Fitness Center/Health Club/Gym,1,1963,1953.1,10749.7,10636.1,5.5,5.45,13080.8,12966.1,6.7,6.64,873.9,447.5,431.8,221.1,650202.7,8409.1,2019,416.3,"1,926.00","5,335.70",20.6
9552651,Heated Swimming Pool,1,1972,1462.8,9002.6,8878.6,6.15,6.07,11082.5,10957.3,7.58,7.49,750.4,513,354.7,242.5,581848.5,6908.1,2019,416.3,"1,926.00","5,335.70",20.6
9563574,Fitness Center/Health Club/Gym,1,1964,2892.9,11836.5,11649,4.09,4.03,14809.3,14619.9,5.12,5.05,1021.1,353,453.5,156.8,834638.1,8832,2019,416.3,"1,926.00","5,335.70",20.6
9563763,Fitness Center/Health Club/Gym,1,1969,2034.8,10735.8,10523.7,5.28,5.17,13255.4,13041.2,6.51,6.41,900.5,442.6,420.9,206.8,705361.6,8196.6,2019,416.3,"1,926.00","5,335.70",20.6
9565753,Fitness Center/Health Club/Gym,1,1970,1549.8,8020.2,7930.5,5.17,5.12,9818.7,9728.1,6.34,6.28,660.6,426.3,319,205.8,502444.7,6211.5,2019,416.3,"1,926.00","5,335.70",20.6
9569163,Office,1,1979,1189.5,1212,1182.4,1.02,0.99,1631.1,1601.2,1.37,1.35,121.2,101.9,40.2,33.8,118997.2,783.7,2019,416.3,"1,926.00","5,335.70",20.6
9578055,"Repair Services (Vehicle, Shoe, Locksmith, etc.)",2,2014,9891.1,22142.8,21287.6,2.24,2.15,24879.1,24015.4,2.52,2.43,1501.1,151.8,1001.1,101.2,735381.1,19495.5,2019,416.3,"1,926.00","5,335.70",20.6
9586833,Office,1,2018,3762,3166.1,3095.3,0.84,0.82,4463.7,4392.2,1.19,1.17,336.5,89.4,84.4,22.4,370718.4,1643.5,2019,416.3,"1,926.00","5,335.70",20.6
9588693,Office,1,1976,229.5,981,941.5,4.27,4.1,1101.7,1059.7,4.8,4.62,66.4,289.5,44.4,193.4,32430.3,864.2,2019,416.3,"1,926.00","5,335.70",20.6
9588819,Mixed Use Property,1,1954,2072,1158.4,1107,0.56,0.53,1306.9,1255,0.63,0.61,79.3,38.3,52.1,25.1,40035.8,1014.3,2019,416.3,"1,926.00","5,335.70",20.6
9589240,Office,1,1972,922,2146.4,2058.3,2.33,2.23,2713.1,2616.5,2.94,2.84,189.2,205.2,80.7,87.6,159426.9,1572.5,2019,416.3,"1,926.00","5,335.70",20.6
9589255,Social/Meeting Hall,1,1970,2391,3629.1,3541.1,1.52,1.48,4443.6,4354.7,1.86,1.82,299,125.1,144.3,60.3,227535.4,2810,2019,416.3,"1,926.00","5,335.70",20.6
9601552,Self-Storage Facility,1,1982,4761.5,6048.1,5848.2,1.27,1.23,7777.9,7576,1.63,1.59,552.3,116,220.3,46.3,488132.9,4290.9,2019,416.3,"1,926.00","5,335.70",20.6
9601861,Non-Refrigerated Warehouse,1,1982,22684,16730.3,16482.8,0.74,0.73,26062.5,25812.5,1.15,1.14,2109.5,93,284.1,12.5,2684387,5532.7,2019,416.3,"1,926.00","5,335.70",20.6
9619682,Fire Station,1,1912,1508.1,2200.4,2163.6,1.46,1.43,2954.2,2917,1.96,1.93,218.9,145.2,73.4,48.7,213979,1430.1,2019,416.3,"1,926.00","5,335.70",20.6
9637753,Office,1,1992,3783.3,5289.4,5199.7,1.4,1.37,6809.7,6715.7,1.8,1.78,484.1,127.9,192.3,50.8,429061.5,3744.9,2019,416.3,"1,926.00","5,335.70",20.6
9639310,Fire Station,1,1975,1669.9,2252.1,2179.7,1.35,1.31,2852.6,2779.5,1.71,1.66,199.3,119.4,84.4,50.5,169011,1643.7,2019,416.3,"1,926.00","5,335.70",20.6
9640461,Fire Station,1,2003,1385.4,2180.5,2087,1.57,1.51,2733.4,2636.4,1.97,1.9,188.9,136.3,83.3,60.1,155315.9,1621.4,2019,416.3,"1,926.00","5,335.70",20.6
9642577,Fire Station,1,2012,2110.4,1980.4,1924.4,0.94,0.91,2687.6,2631.1,1.27,1.25,200.4,95,63.7,30.2,201039.2,1241.3,2019,416.3,"1,926.00","5,335.70",20.6
9649332,Fire Station,1,2016,1895.2,1953.9,1885.6,1.03,0.99,2399.4,2323.2,1.27,1.23,157,82.9,72.1,38.1,124846.3,1404.8,2019,416.3,"1,926.00","5,335.70",20.6
9662776,Fire Station,1,1979,1132.7,1223.4,1185.7,1.08,1.05,1599.7,1561.6,1.41,1.38,115.5,102,43.1,38.1,106453.2,840.2,2019,416.3,"1,926.00","5,335.70",20.6
9664992,Fire Station,1,1978,1072.2,1337.3,1267.4,1.25,1.18,1772.9,1700,1.65,1.59,129.8,121.1,45.8,42.8,123484.2,892.7,2019,416.3,"1,926.00","5,335.70",20.6
9769634,Fire Station,1,2014,2319.5,2264.9,2209.7,0.98,0.95,2984.9,2929.1,1.29,1.26,217.3,93.7,78.6,33.9,203899.8,1530.9,2019,416.3,"1,926.00","5,335.70",20.6
9787562,Fire Station,1,1973,971.9,1376.9,1329.8,1.42,1.37,1870.8,1823.2,1.92,1.88,140.2,144.3,44.8,46,140395.5,871.5,2019,416.3,"1,926.00","5,335.70",20.6
9846129,Fire Station,1,1989,963.3,1133.6,1086.2,1.18,1.13,1491.9,1444,1.55,1.5,108.4,112.6,39.5,41,101445.5,768.4,2019,416.3,"1,926.00","5,335.70",20.6
9848101,Fire Station,1,1961,793.1,747.1,724.7,0.94,0.91,1038.5,1014.4,1.31,1.28,79.5,100.2,23,29,83023.9,448.2,2019,416.3,"1,926.00","5,335.70",20.6
9959373,Fire Station,1,1988,4111,4536.1,4410.1,1.1,1.07,6024.9,5897.7,1.47,1.43,441.9,107.5,154.9,37.7,422072.8,3016.7,2019,416.3,"1,926.00","5,335.70",20.6
9988886,Fire Station,1,1970,978.6,1827.9,1768.4,1.87,1.81,2222.2,2162,2.27,2.21,148.3,151.5,73.5,75.1,109934.2,1432.2,2019,416.3,"1,926.00","5,335.70",20.6
9997794,Fire Station,1,1975,1057.1,1095.8,1043.4,1.04,0.99,1429.9,1377.1,1.35,1.3,103.1,97.5,38.8,36.7,94505.4,755.6,2019,416.3,"1,926.00","5,335.70",20.6
10002717,Fire Station,1,1996,1758.8,1352.2,1302.9,0.77,0.74,1802.6,1752.7,1.02,1,132.7,75.4,45.8,26.1,127724.2,892.5,2019,416.3,"1,926.00","5,335.70",20.6
10154586,Non-Refrigerated Warehouse,1,1985,10640,7693.4,7477.4,0.72,0.7,9212.3,8972.9,0.87,0.84,586.5,55.1,299.1,28.1,422654.3,5823.9,2019,416.3,"1,926.00","5,335.70",20.6
10170296,Office,1,2012,5213.2,17850.6,17797.7,3.42,3.41,33310.9,33257.4,6.39,6.38,3129.2,600.3,90.6,17.4,4468527.8,1764.6,2019,416.3,"1,926.00","5,335.70",20.6
10176477,Non-Refrigerated Warehouse,1,1975,5663,5902.6,5633.7,1.04,0.99,7308.8,7037.3,1.29,1.24,498.1,88,230.3,40.7,393927.4,4484.5,2019,416.3,"1,926.00","5,335.70",20.6
10176804,Heated Swimming Pool,1,2010,1838,7639.2,7519.7,4.16,4.09,9177.8,9057.1,4.99,4.93,604,328.6,313.2,170.4,427558.5,6100.1,2019,416.3,"1,926.00","5,335.70",20.6
10260523,Fire Station,1,1975,1066.2,1319,1252.4,1.24,1.17,1699.4,1632.1,1.59,1.53,120.9,113.4,47.9,44.9,107384.8,932.4,2019,416.3,"1,926.00","5,335.70",20.6
10263307,Fire Station,1,1977,1101.1,1343.4,1284.9,1.22,1.17,1790.9,1726.7,1.63,1.57,131.8,119.7,45.5,41.3,126922,886.5,2019,416.3,"1,926.00","5,335.70",20.6
10265387,Fire Station,1,1977,1095.2,1399.6,1337.3,1.28,1.22,2048.7,1985.8,1.87,1.81,163.8,149.6,37.5,34.3,185705.4,731.1,2019,416.3,"1,926.00","5,335.70",20.6
10277262,Fire Station,1,1979,1104.6,1428.2,1354.8,1.29,1.23,1843.3,1769.1,1.67,1.6,131.1,118.6,51.3,46.5,117221.9,999.9,2019,416.3,"1,926.00","5,335.70",20.6
10287290,Fire Station,1,1950,1112.1,1418.4,1347.9,1.28,1.21,1824.6,1753.3,1.64,1.58,129.6,116.5,51.7,46.4,114605.1,1005.9,2019,416.3,"1,926.00","5,335.70",20.6
10417704,Fitness Center/Health Club/Gym,1,1988,1806.5,5232.1,5125.3,2.9,2.84,6455.7,6347.8,3.57,3.51,438.3,242.6,205.4,113.7,342504.6,3999.1,2019,416.3,"1,926.00","5,335.70",20.6
10417915,Other - Recreation,1,1966,1418.4,5795.7,5726.4,4.09,4.04,6931.4,6861.4,4.89,4.84,453.6,319.8,239.4,168.8,315138.4,4661.3,2019,416.3,"1,926.00","5,335.70",20.6
10417930,Distribution Center,1,2018,44228.3,74469,74469,1.68,1.68,80858.4,80858.4,1.83,1.83,4641.2,104.9,3518.8,79.6,1650567.6,68527.2,2019,416.3,"1,926.00","5,335.70",20.6
10439156,Office,1,1974,832,834.6,809,1,0.97,1074,1046,1.29,1.26,76.3,91.7,30.4,36.5,67568.8,591.3,2019,416.3,"1,926.00","5,335.70",20.6
10439375,Fire Station,1,2018,1459.3,1868.8,1868.8,1.28,1.28,2432.6,2432.6,1.67,1.67,171.1,117.3,62.6,42.9,159615.7,1219,2019,416.3,"1,926.00","5,335.70",20.6
10531101,Fire Station,1,2015,2257.9,4691,4449.9,2.08,1.97,5676,5432.5,2.51,2.41,376.7,166.8,190.2,84.2,274313.8,3703.5,2019,416.3,"1,926.00","5,335.70",20.6
10536854,Fire Station,1,2013,1668.4,2800.5,2742.8,1.68,1.64,3669.1,3610.8,2.2,2.16,265.5,159.1,98.4,59,245804.8,1915.6,2019,416.3,"1,926.00","5,335.70",20.6
10536957,Museum,1,2012,2048.6,3474.6,3352.6,1.7,1.64,4443.5,4303.3,2.17,2.1,313.7,153.1,127.9,62.4,273176.5,2491.2,2019,416.3,"1,926.00","5,335.70",20.6
10536969,Fire Station,1,2009,1907.7,1856.4,1730.9,0.97,0.91,2356.2,2225.8,1.24,1.17,165,86.5,69.3,36.3,140703.1,1349.9,2019,416.3,"1,926.00","5,335.70",20.6
10543320,Fire Station,1,2012,1842.2,1990.4,1938.8,1.08,1.05,2679.2,2627.1,1.45,1.43,199.1,108.1,66.1,35.9,195589.5,1286.3,2019,416.3,"1,926.00","5,335.70",20.6
10544403,Fire Station,1,2013,1487.6,1968.3,1926.1,1.32,1.29,2547.3,2504.7,1.71,1.68,182.1,122.4,70.8,47.6,163566.4,1379.4,2019,416.3,"1,926.00","5,335.70",20.6
21988595,"Repair Services (Vehicle, Shoe, Locksmith, etc.)",2,2011,6632,7377.7,7161.3,1.11,1.08,9486.2,9267.7,1.43,1.4,673.4,101.5,268.9,40.5,594979.8,5235.8,2019,416.3,"1,926.00","5,335.70",20.6
21988596,Indoor Arena,2,1990,16258,22664,21997.9,1.39,1.35,27343.2,26670.5,1.68,1.64,1808.5,111.2,923.1,56.8,1301988.5,17977,2019,416.3,"1,926.00","5,335.70",20.6
21988597,Office,3,1956,6987.7,25883.2,25382.3,3.7,3.63,37387.3,36881.4,5.35,5.28,2957.2,423.2,721.3,103.2,3288214,14046.2,2019,416.3,"1,926.00","5,335.70",20.6
21988599,Other - Public Services,1,1896,269.9,238.4,230.3,0.88,0.85,285,276.8,1.06,1.03,18.6,69.1,9.9,36.5,12928.3,191.9,2019,416.3,"1,926.00","5,335.70",20.6
21988600,Fire Station,1,2014,2129,3660.5,3573.9,1.72,1.68,4542.7,4453.7,2.13,2.09,310.4,145.8,142.3,66.8,247276,2770.3,2019,416.3,"1,926.00","5,335.70",20.6
21988601,Other,1,1962,4257.9,294.1,283,0.07,0.07,576.4,554.7,0.14,0.13,55.6,13,0,0,81691.8,,2019,416.3,"1,926.00","5,335.70",20.6
21988602,Performing Arts,1,1900,1160.9,1761.2,1706.7,1.52,1.47,2315.1,2260,1.99,1.95,168.1,144.8,61.5,52.9,156789.7,1196.8,2019,416.3,"1,926.00","5,335.70",20.6
21988603,Office,1,2000,2142.6,8029.8,7839.4,3.75,3.66,9830,9635.1,4.59,4.5,661.3,308.7,319.4,149.1,502922.9,6219.4,2019,416.3,"1,926.00","5,335.70",20.6
21988605,Fire Station,1,2009,1669.5,2587.3,2491,1.55,1.49,3133.5,3036.2,1.88,1.82,208.2,124.7,104.7,62.7,152134.8,2039.7,2019,416.3,"1,926.00","5,335.70",20.6
21988606,Fitness Center/Health Club/Gym,1,1976,1588.4,13388,13279,8.43,8.36,16081.1,15971,10.13,10.06,1058,666.2,549.1,345.8,748331.6,10694.1,2019,416.3,"1,926.00","5,335.70",20.6
21988608,Office,1,1976,525.4,465.6,449.5,0.89,0.86,660,639.3,1.26,1.22,51.4,97.8,13.6,26,55499.8,265.8,2019,416.3,"1,926.00","5,335.70",20.6
21988609,Office,1,1919,1388.3,3597.1,3474.6,2.59,2.5,4005.3,3881.5,2.88,2.8,238.6,171.9,164.6,118.6,108831.4,3205.3,2019,416.3,"1,926.00","5,335.70",20.6
21988611,Other - Recreation,1,1965,113.1,174.6,171.6,1.54,1.52,342.2,336.4,3.03,2.98,33,291.7,0,0,48495.1,,2019,416.3,"1,926.00","5,335.70",20.6
21988613,Fire Station,1,1994,378.5,353.8,340.2,0.94,0.9,429,414.7,1.14,1.1,28.5,75.5,14.3,37.8,20969.8,278.3,2019,416.3,"1,926.00","5,335.70",20.6
21988614,Other - Public Services,1,1975,419.6,647.5,626,1.54,1.49,786,764.4,1.87,1.82,52.4,124.8,26.1,62.2,38630.5,508.4,2019,416.3,"1,926.00","5,335.70",20.6
21988616,Office,1,1976,352.7,533.9,515.3,1.51,1.46,748.8,725.9,2.12,2.06,57.8,163.8,16.1,45.6,61291.9,313.2,2019,416.3,"1,926.00","5,335.70",20.6
21988617,Fitness Center/Health Club/Gym,1,1982,14418.8,57418.5,56488.7,3.98,3.92,72877.4,71938.3,5.05,4.99,5076,352,2115.3,146.7,4354053.5,41194.2,2019,416.3,"1,926.00","5,335.70",20.6
21988618,Fire Station,1,1998,1317,2409.9,2339,1.83,1.78,3080.7,3009,2.34,2.28,217.1,164.9,88.5,67.2,189100.5,1724.1,2019,416.3,"1,926.00","5,335.70",20.6
21988619,Fire Station,1,1987,945.1,1434,1386.4,1.52,1.47,1837.3,1786.4,1.94,1.89,130,137.5,52.6,55.7,113733.5,1024.6,2019,416.3,"1,926.00","5,335.70",20.6
21988620,Fitness Center/Health Club/Gym,1,1900,13072.6,100146.6,99054,7.66,7.58,102923.5,101819.9,7.87,7.79,5399.5,413,5046.5,386,519141,98277.8,2019,416.3,"1,926.00","5,335.70",20.6
21988621,Other - Public Services,1,1975,1069.8,1399.7,1341.4,1.31,1.25,1667.3,1604.9,1.56,1.5,108.6,101.5,58.2,54.4,74133.9,1132.9,2019,416.3,"1,926.00","5,335.70",20.6
21988622,Fire Station,1,1988,927.8,1181.6,1141.8,1.27,1.23,1513.4,1473.2,1.63,1.59,107,115.3,43.4,46.8,93572.4,844.8,2019,416.3,"1,926.00","5,335.70",20.6
21988623,Other - Public Services,1,2001,260.1,526.1,517.1,2.02,1.99,851.4,842.3,3.27,3.24,73.3,282,9.7,37.4,93572.4,189.3,2019,416.3,"1,926.00","5,335.70",20.6
21988624,Office,1,1960,767.6,1156.3,1118.8,1.51,1.46,1316.5,1278.1,1.72,1.67,80.9,105.4,51.3,66.9,43465.3,999.8,2019,416.3,"1,926.00","5,335.70",20.6
21988625,Fire Station,1,1982,1108.1,1379.7,1336,1.25,1.21,1861.9,1812.1,1.68,1.64,138.7,125.1,45.5,41.1,136952,886.7,2019,416.3,"1,926.00","5,335.70",20.6
21988627,Other - Public Services,1,1964,425.1,1062.5,1017.2,2.5,2.39,1177.7,1131.9,2.77,2.66,69.7,164,48.9,115.1,30576.7,952.5,2019,416.3,"1,926.00","5,335.70",20.6
21988628,Fire Station,1,1978,1108.1,1179.9,1136.7,1.06,1.03,1560.9,1514.8,1.41,1.37,113.8,102.7,40.4,36.4,107976.4,786,2019,416.3,"1,926.00","5,335.70",20.6
21988629,Fire Station,1,1988,204.4,382.4,369.9,1.87,1.81,475,461.8,2.32,2.26,32.5,159,14.8,72.6,25980.9,288.8,2019,416.3,"1,926.00","5,335.70",20.6
6169481,Office,1,1981,7770,10437.6,10677.8,1.34,1.37,14296,14470.4,1.84,1.86,1079.5,138.9,333.1,42.9,1097718.4,6486,2020,832.8,"2,193.00","4,970.20",58.3
6305956,Office,1,1974,6681,4580.4,4694.8,0.69,0.7,7274.4,7426.3,1.09,1.11,581.7,87.1,0.7,0.1,523241,13.2,2020,832.8,"2,193.00","4,970.20",58.3
6506773,Office,1,2008,14548,12379.3,12441.3,0.85,0.86,17336.3,17340.9,1.19,1.19,1335.4,91.8,374.4,25.7,1413254.9,7291.8,2020,832.8,"2,193.00","4,970.20",58.3
6731628,Office,1,2017,5223,3381,3456.7,0.65,0.66,4834.1,4910.7,0.93,0.94,375.7,71.9,93.3,17.9,415235.9,1817.2,2020,832.8,"2,193.00","4,970.20",58.3
6867796,Office,1,1990,540,500.6,515,0.93,0.95,646.3,660.8,1.2,1.22,46.1,85.3,18.1,33.5,41144.1,352.5,2020,832.8,"2,193.00","4,970.20",58.3
8854296,Office,1,1979,17468,12338.1,12706.5,0.71,0.73,18590.3,19073.6,1.06,1.09,1413.2,80.9,35.8,2,1059904.3,697.3,2020,832.8,"2,193.00","4,970.20",58.3
8854297,Office,1,1931,15195,7981.7,8096.8,0.53,0.53,10780.5,10887.7,0.71,0.72,803.5,52.9,262.9,17.3,795054.1,5119.7,2020,832.8,"2,193.00","4,970.20",58.3
8854298,Office,1,1982,85941,79711.5,81775.9,0.93,0.95,125942.7,128676.9,1.47,1.5,10034.2,116.8,60.8,0.7,8953215.6,1183.4,2020,832.8,"2,193.00","4,970.20",58.3
8854299,Office,1,1978,3664.9,2968.5,3044.9,0.81,0.83,3967.5,4018.3,1.08,1.1,292.8,79.9,100,27.3,283458.7,1948.1,2020,832.8,"2,193.00","4,970.20",58.3
9265818,Ice/Curling Rink,1,1990,12856,22358,22886.2,1.74,1.78,30398.5,30932,2.36,2.41,2279.9,177.3,725.6,56.4,2285741,14129.7,2020,832.8,"2,193.00","4,970.20",58.3
9469974,Fire Station,1,1973,1637.5,1877.5,1918.4,1.15,1.17,2479.3,2520.6,1.51,1.54,180.8,110.4,64.9,39.6,170465.3,1263.9,2020,832.8,"2,193.00","4,970.20",58.3
9474562,Ice/Curling Rink,1,1971,4189.8,11599,11923.3,2.77,2.85,14295.4,14667.5,3.41,3.5,969.2,231.3,456.1,108.9,754537.4,8882.8,2020,832.8,"2,193.00","4,970.20",58.3
9475593,Ice/Curling Rink,1,1970,3884,4455.9,4629.9,1.15,1.19,5807.7,6033.3,1.5,1.55,418.1,107.6,158.2,40.7,382236.3,3079.9,2020,832.8,"2,193.00","4,970.20",58.3
9481172,Heated Swimming Pool,1,1976,1641.2,7637.7,7783.8,4.65,4.74,9461.6,9609.1,5.76,5.85,645.2,393.1,297.7,181.4,510978.1,5798.3,2020,832.8,"2,193.00","4,970.20",58.3
9492075,Ice/Curling Rink,2,1963,8558,20516.9,20896.7,2.4,2.44,26856.1,27239.8,3.14,3.18,1941.7,226.9,722,84.4,1793664.9,14059.9,2020,832.8,"2,193.00","4,970.20",58.3
9493731,Ice/Curling Rink,1,1975,2295.5,3482,3639.9,1.52,1.59,4491.5,4684.2,1.96,2.04,319.9,139.4,126.1,54.9,284991,2456.1,2020,832.8,"2,193.00","4,970.20",58.3
9493818,Ice/Curling Rink,1,1972,5032,9744.1,9565.6,1.94,1.9,13076.6,12896.4,2.6,2.56,968.8,192.5,325.5,64.7,945981.6,6338.7,2020,832.8,"2,193.00","4,970.20",58.3
9496797,Ice/Curling Rink,1,1977,5036.4,12305.4,12491.1,2.44,2.48,16151.1,16338.7,3.21,3.24,1170.9,232.5,430.7,85.5,1088546.3,8386.8,2020,832.8,"2,193.00","4,970.20",58.3
9498648,Ice/Curling Rink,1,1969,5260.1,9197.7,9313.2,1.75,1.77,12285.5,12402.2,2.34,2.36,906.1,172.3,310.4,59,876024.2,6044.1,2020,832.8,"2,193.00","4,970.20",58.3
9499354,Ice/Curling Rink,1,1970,2185.5,4413.9,4400.9,2.02,2.01,5506.3,5498.7,2.52,2.52,378.4,173.1,170,77.8,306526.8,3310.4,2020,832.8,"2,193.00","4,970.20",58.3
9504074,Ice/Curling Rink,1,1963,3145,8312.5,8488.8,2.64,2.7,10826,11004.1,3.44,3.5,778.7,247.6,295.5,93.9,710690.6,5754.1,2020,832.8,"2,193.00","4,970.20",58.3
9552446,Fitness Center/Health Club/Gym,1,1963,1953.1,9590.3,9752.6,4.91,4.99,11638.3,11802.2,5.96,6.04,775.1,396.8,386.9,198.1,570804.2,7535.5,2020,832.8,"2,193.00","4,970.20",58.3
9552651,Heated Swimming Pool,1,1972,1462.8,8261.1,8415.1,5.65,5.75,10231,10386.5,6.99,7.1,697.5,476.8,322.2,220.3,551870,6274.5,2020,832.8,"2,193.00","4,970.20",58.3
9563574,Fitness Center/Health Club/Gym,1,1964,2892.9,10164.6,10431,3.51,3.61,12407.5,12676.5,4.29,4.38,832,287.6,406.2,140.4,626123.5,7910.6,2020,832.8,"2,193.00","4,970.20",58.3
9563763,Fitness Center/Health Club/Gym,1,1969,2034.8,7540.1,7672.8,3.71,3.77,9178.7,9312.8,4.51,4.58,613.5,301.5,302.7,148.8,457108.6,5894.5,2020,832.8,"2,193.00","4,970.20",58.3
9565753,Fitness Center/Health Club/Gym,1,1970,1549.8,5269.9,5363.7,3.4,3.46,6340.2,6435,4.09,4.15,417.9,269.7,215.6,139.1,297563.8,4198.7,2020,832.8,"2,193.00","4,970.20",58.3
9569163,Office,1,1979,1189.5,1153.3,1191.6,0.97,1,1558.6,1597.4,1.31,1.34,116.2,97.7,37.9,31.9,115152.5,738.8,2020,832.8,"2,193.00","4,970.20",58.3
9578055,"Repair Services (Vehicle, Shoe, Locksmith, etc.)",2,2014,9891.1,14326.3,14787.5,1.45,1.5,16363.6,16829.4,1.65,1.7,1009.9,102.1,633.3,64,553833.6,12332.6,2020,832.8,"2,193.00","4,970.20",58.3
9586833,Office,1,2018,3762,3488.8,3556.4,0.93,0.95,4719.4,4787.7,1.25,1.27,341.9,90.9,103.7,27.6,350246.3,2020.4,2020,832.8,"2,193.00","4,970.20",58.3
9588693,Office,1,1976,229.5,844.1,886.8,3.68,3.86,951.5,995.6,4.15,4.34,57.7,251.4,38,165.6,28952.7,739.8,2020,832.8,"2,193.00","4,970.20",58.3
9588819,Mixed Use Property,1,1954,2072,677.4,702.7,0.33,0.34,806.9,832.5,0.39,0.4,52.6,25.4,28.2,13.6,35879.5,548.3,2020,832.8,"2,193.00","4,970.20",58.3
9589240,Office,1,1972,922,1996.2,2055.8,2.17,2.23,2604.5,2656.8,2.82,2.88,187.7,203.6,70.7,76.7,172019.8,1377,2020,832.8,"2,193.00","4,970.20",58.3
9589255,Social/Meeting Hall,1,1970,2391,3802.4,3863.3,1.59,1.62,4615.8,4658.8,1.93,1.95,307.5,128.6,153.3,64.1,226727.8,2986.2,2020,832.8,"2,193.00","4,970.20",58.3
9601552,Self-Storage Facility,1,1982,4761.5,5766.5,5986.4,1.21,1.26,7520.5,7742.6,1.58,1.63,541.7,113.8,204.4,42.9,496020.1,3980.9,2020,832.8,"2,193.00","4,970.20",58.3
9601861,Non-Refrigerated Warehouse,1,1982,22684,14425.8,14647.3,0.64,0.65,23260.1,23578.6,1.03,1.04,1929.4,85.1,198.7,8.8,2545116.3,3869.4,2020,832.8,"2,193.00","4,970.20",58.3
9619682,Fire Station,1,1912,1508.1,1992.2,2017.2,1.32,1.34,2716.2,2741.5,1.8,1.82,204.2,135.4,64.2,42.6,205871.9,1251.1,2020,832.8,"2,193.00","4,970.20",58.3
9637753,Office,1,1992,3783.3,5124.5,5201,1.35,1.37,6640.2,6685.7,1.76,1.77,475.2,125.6,184,48.6,428225.5,3583,2020,832.8,"2,193.00","4,970.20",58.3
9639310,Fire Station,1,1975,1669.9,2281.5,2373.4,1.37,1.42,2879,2971.8,1.72,1.78,200.4,120,86.1,51.6,168042.2,1676.6,2020,832.8,"2,193.00","4,970.20",58.3
9640461,Fire Station,1,2003,1385.4,2197.1,2238.8,1.59,1.62,2792.9,2835,2.02,2.05,195.9,141.4,81.8,59,167806.9,1593,2020,832.8,"2,193.00","4,970.20",58.3
9642577,Fire Station,1,2012,2110.4,2122.4,2198.3,1.01,1.04,2878.1,2954.8,1.36,1.4,214.6,101.7,68.5,32.5,214808.8,1333.7,2020,832.8,"2,193.00","4,970.20",58.3
9649332,Fire Station,1,2016,1895.2,1581.2,1624.6,0.83,0.86,1979.7,2026.4,1.04,1.07,130.4,68.8,54,28.5,112259.2,1052.3,2020,832.8,"2,193.00","4,970.20",58.3
9662776,Fire Station,1,1979,1132.7,1140.5,1182.6,1.01,1.04,1536.7,1579.2,1.36,1.39,114.3,100.9,37.8,33.3,112512,735.5,2020,832.8,"2,193.00","4,970.20",58.3
9664992,Fire Station,1,1978,1072.2,1154.9,1169.9,1.08,1.09,1555.9,1566.5,1.45,1.46,115.7,107.9,38.3,35.7,113872.4,745,2020,832.8,"2,193.00","4,970.20",58.3
9769634,Fire Station,1,2014,2319.5,2227.8,2292.5,0.96,0.99,3077.3,3142.6,1.33,1.35,234.2,101,69.7,30,241873.5,1357.1,2020,832.8,"2,193.00","4,970.20",58.3
9787562,Fire Station,1,1973,971.9,1369.7,1401.6,1.41,1.44,1898.8,1931,1.95,1.99,144.9,149.1,42.5,43.7,150690.7,827.3,2020,832.8,"2,193.00","4,970.20",58.3
9846129,Fire Station,1,1989,963.3,1023.5,1043.6,1.06,1.08,1350.3,1370.7,1.4,1.42,98.4,102.1,35.4,36.8,92579.2,690.2,2020,832.8,"2,193.00","4,970.20",58.3
9848101,Fire Station,1,1961,793.1,694.6,713.2,0.88,0.9,974.3,992,1.23,1.25,75.2,94.8,20.9,26.4,79749.9,407.5,2020,832.8,"2,193.00","4,970.20",58.3
9959373,Fire Station,1,1988,4111,4078,4202.6,0.99,1.02,5539.9,5644.5,1.35,1.37,415.2,101,132.6,32.3,415560.8,2582,2020,832.8,"2,193.00","4,970.20",58.3
9988886,Fire Station,1,1970,978.6,1872.6,1951.4,1.91,1.99,2272.6,2352.3,2.32,2.4,151.4,154.7,75.5,77.2,111506.7,1471.2,2020,832.8,"2,193.00","4,970.20",58.3
9997794,Fire Station,1,1975,1057.1,962.5,979.8,0.91,0.93,1271.6,1289.1,1.2,1.22,92.8,87.8,33.2,31.4,87577.7,647.3,2020,832.8,"2,193.00","4,970.20",58.3
10002717,Fire Station,1,1996,1758.8,1253.1,1296.7,0.71,0.74,1712,1756,0.97,1,129,73.3,40.2,22.9,130523.2,783.3,2020,832.8,"2,193.00","4,970.20",58.3
10154586,Non-Refrigerated Warehouse,1,1985,10640,7616.9,7863.9,0.72,0.74,8961.9,9234.9,0.84,0.87,550.9,51.8,297.7,28,372406,5797.8,2020,832.8,"2,193.00","4,970.20",58.3
10170296,Office,1,2012,5213.2,17887.2,17926.3,3.43,3.44,33638.9,33678.4,6.45,6.46,3173.2,608.7,76.8,14.7,4553637.5,1494.8,2020,832.8,"2,193.00","4,970.20",58.3
10176477,Non-Refrigerated Warehouse,1,1975,5663,4948.4,5129.7,0.87,0.91,6316.5,6496.1,1.12,1.15,445,78.6,182.8,32.3,385586.3,3560.3,2020,832.8,"2,193.00","4,970.20",58.3
10176804,Heated Swimming Pool,1,2010,1838,4403.9,4526.1,2.4,2.46,5548,5671.4,3.02,3.09,385.4,209.7,166.7,90.7,321668.8,3246,2020,832.8,"2,193.00","4,970.20",58.3
10260523,Fire Station,1,1975,1066.2,1223.7,1245.9,1.15,1.17,1580.9,1603.4,1.48,1.5,112.8,105.8,44.2,41.4,100896.2,860.5,2020,832.8,"2,193.00","4,970.20",58.3
10263307,Fire Station,1,1977,1101.1,1342.9,1369.1,1.22,1.24,1812.5,1841.2,1.65,1.67,135,122.6,44.3,40.2,133393.4,862.7,2020,832.8,"2,193.00","4,970.20",58.3
10265387,Fire Station,1,1977,1095.2,1435.5,1430.8,1.31,1.31,1986.3,1981.6,1.81,1.81,151.4,138.2,44.7,40.8,156864.8,870.8,2020,832.8,"2,193.00","4,970.20",58.3
10277262,Fire Station,1,1979,1104.6,1255.8,1286.1,1.14,1.16,1595.1,1630.4,1.44,1.48,111.5,100.9,46.5,42.1,95578.6,905.2,2020,832.8,"2,193.00","4,970.20",58.3
10287290,Fire Station,1,1950,1112.1,1334,1376.3,1.2,1.24,1723.7,1764.3,1.55,1.59,123,110.6,48.2,43.3,110038.9,937.9,2020,832.8,"2,193.00","4,970.20",58.3
10417704,Fitness Center/Health Club/Gym,1,1988,1806.5,3975.2,4029.3,2.2,2.23,4954.5,5009.2,2.74,2.77,340.2,188.3,153.3,84.9,274731.7,2986.3,2020,832.8,"2,193.00","4,970.20",58.3
10417915,Other - Recreation,1,1966,1418.4,2663,2725,1.88,1.92,3256.5,3319.1,2.3,2.34,218.8,154.3,106.1,74.8,165755,2066.3,2020,832.8,"2,193.00","4,970.20",58.3
10417930,Distribution Center,1,2018,44228.3,101625.5,101625.5,2.3,2.3,106447.7,106447.7,2.41,2.41,5769.5,130.4,5012.7,113.3,1112911.2,97619.2,2020,832.8,"2,193.00","4,970.20",58.3
10439156,Office,1,1974,832,835,858.6,1,1.03,1085.9,1111.1,1.31,1.34,78,93.7,29.8,35.8,70920.6,579.7,2020,832.8,"2,193.00","4,970.20",58.3
10439375,Fire Station,1,2018,1459.3,1851.5,1859.1,1.27,1.27,2445.6,2453.3,1.68,1.68,174.4,119.5,59.8,41,168522.5,1165.5,2020,832.8,"2,193.00","4,970.20",58.3
10531101,Fire Station,1,2015,2257.9,4077.9,4095.1,1.81,1.81,5068.6,5086,2.24,2.25,346.9,153.7,158.1,70,277774.4,3078,2020,832.8,"2,193.00","4,970.20",58.3
10536854,Fire Station,1,2013,1668.4,2683.2,2722.6,1.61,1.63,3515.6,3555.3,2.11,2.13,254.4,152.5,94.2,56.5,235532,1835.4,2020,832.8,"2,193.00","4,970.20",58.3
10536957,Museum,1,2012,2048.6,3300.2,3443.6,1.61,1.68,4300.3,4457.9,2.1,2.18,309.5,151.1,117.2,57.2,282803.9,2282.1,2020,832.8,"2,193.00","4,970.20",58.3
10536969,Fire Station,1,2009,1907.7,1800.8,1812.3,0.94,0.95,2283,2295.1,1.2,1.2,159.7,83.7,67.4,35.3,135729.6,1312.2,2020,832.8,"2,193.00","4,970.20",58.3
10543320,Fire Station,1,2012,1842.2,1922.6,1989.7,1.04,1.08,2614.4,2682.2,1.42,1.46,196.1,106.5,62.4,33.9,196676.6,1214.6,2020,832.8,"2,193.00","4,970.20",58.3
10544403,Fire Station,1,2013,1487.6,1904.5,1955.5,1.28,1.31,2497.4,2548.9,1.68,1.71,180.9,121.6,66.8,44.9,167788.3,1300.5,2020,832.8,"2,193.00","4,970.20",58.3
21988595,"Repair Services (Vehicle, Shoe, Locksmith, etc.)",2,2011,6632,6596.7,6841.3,0.99,1.03,8757.2,9004.3,1.32,1.36,642,96.8,225.5,34,612476.1,4391.8,2020,832.8,"2,193.00","4,970.20",58.3
21988596,Indoor Arena,2,1990,16258,18781.2,19598.3,1.16,1.21,22508.6,23333.9,1.38,1.44,1476.9,90.8,773.1,47.6,1035014,15055.3,2020,832.8,"2,193.00","4,970.20",58.3
21988597,Office,3,1956,6987.7,24965.9,25560.6,3.57,3.66,36612,37212.7,5.24,5.33,2932,419.6,666,95.3,3332440.9,12969.6,2020,832.8,"2,193.00","4,970.20",58.3
21988599,Other - Public Services,1,1896,269.9,223.1,232.6,0.83,0.86,262.2,271.4,0.97,1.01,16.8,62.2,9.5,35.1,10765.8,184.4,2020,832.8,"2,193.00","4,970.20",58.3
21988600,Fire Station,1,2014,2129,3373.2,3421.7,1.58,1.61,4262.8,4296.9,2,2.02,297.1,139.6,126.9,59.6,250263.8,2472.3,2020,832.8,"2,193.00","4,970.20",58.3
21988601,Other,1,1962,4257.9,399.4,413.3,0.09,0.1,782.7,810,0.18,0.19,75.4,17.7,0,0,110938,,2020,832.8,"2,193.00","4,970.20",58.3
21988602,Performing Arts,1,1900,1160.9,1464.6,1522.3,1.26,1.31,1902,1960.3,1.64,1.69,136.4,117.5,52.4,45.1,123617.7,1019.6,2020,832.8,"2,193.00","4,970.20",58.3
21988603,Office,1,2000,2142.6,7773.1,7976.5,3.63,3.72,9650.5,9824.7,4.5,4.59,659.7,307.9,301.9,140.9,526247.7,5878.6,2020,832.8,"2,193.00","4,970.20",58.3
21988605,Fire Station,1,2009,1669.5,2300.3,2289.9,1.38,1.37,2827.1,2816.5,1.69,1.69,191.1,114.4,90.9,54.4,147295,1770.1,2020,832.8,"2,193.00","4,970.20",58.3
21988606,Fitness Center/Health Club/Gym,1,1976,1588.4,7971.5,7971.5,5.02,5.02,9677.7,9677.7,6.09,6.09,644.8,406.1,321.4,202.4,475591,6259.4,2020,832.8,"2,193.00","4,970.20",58.3
21988608,Office,1,1976,525.4,465.6,485.9,0.89,0.92,663,688.7,1.26,1.31,51.8,98.6,13.5,25.7,56349.8,262.8,2020,832.8,"2,193.00","4,970.20",58.3
21988609,Office,1,1919,1388.3,3191.1,3339.6,2.3,2.41,3585.3,3735.2,2.58,2.69,216.3,155.8,144.3,103.9,105920.8,2809.8,2020,832.8,"2,193.00","4,970.20",58.3
21988611,Other - Recreation,1,1965,113.1,158.2,161.2,1.4,1.43,310,316,2.74,2.79,29.9,264.3,0,0,43938.2,,2020,832.8,"2,193.00","4,970.20",58.3
21988613,Fire Station,1,1994,378.5,424.4,436.7,1.12,1.16,500.7,511.5,1.32,1.35,32.2,85.2,17.9,47.4,21054.1,348.6,2020,832.8,"2,193.00","4,970.20",58.3
21988614,Other - Public Services,1,1975,419.6,620.9,648.7,1.48,1.55,754.7,782.7,1.8,1.87,50.3,120,25,59.6,37287.5,486.7,2020,832.8,"2,193.00","4,970.20",58.3
21988616,Office,1,1976,352.7,520.9,538.7,1.48,1.53,725.5,744.1,2.06,2.11,55.6,157.7,16,45.3,58327,310.9,2020,832.8,"2,193.00","4,970.20",58.3
21988617,Fitness Center/Health Club/Gym,1,1982,14418.8,34694,35340.4,2.41,2.45,44375.5,45028.5,3.08,3.12,3104.6,215.3,1247.4,86.5,2731173.9,24292.3,2020,832.8,"2,193.00","4,970.20",58.3
21988618,Fire Station,1,1998,1317,2186.3,2223.4,1.66,1.69,2841.5,2879,2.16,2.19,203.8,154.7,77.8,59.1,185207.1,1515.7,2020,832.8,"2,193.00","4,970.20",58.3
21988619,Fire Station,1,1987,945.1,1534,1589.6,1.62,1.68,1941.2,1997.3,2.05,2.11,135.5,143.4,57.6,60.9,114580,1121.5,2020,832.8,"2,193.00","4,970.20",58.3
21988620,Fitness Center/Health Club/Gym,1,1900,13072.6,69438.7,70916.3,5.31,5.42,72898,74390.3,5.58,5.69,3966,303.4,3416.2,261.3,808479.6,66528.3,2020,832.8,"2,193.00","4,970.20",58.3
21988621,Other - Public Services,1,1975,1069.8,1379.1,1438.7,1.29,1.34,1638,1701,1.53,1.59,106.3,99.4,57.6,53.8,71651.5,1121.2,2020,832.8,"2,193.00","4,970.20",58.3
21988622,Fire Station,1,1988,927.8,1046.4,1070.5,1.13,1.15,1394.6,1419,1.5,1.53,102.6,110.6,35.5,38.2,98752.4,690.9,2020,832.8,"2,193.00","4,970.20",58.3
21988623,Other - Public Services,1,2001,260.1,541.7,550.3,2.08,2.12,884.9,893.5,3.4,3.43,76.7,294.9,9.6,36.8,98752.4,186.3,2020,832.8,"2,193.00","4,970.20",58.3
21988624,Office,1,1960,767.6,1120.1,1168.5,1.46,1.52,1259.9,1308.7,1.64,1.71,76.1,99.2,50.6,65.9,37589.7,984.8,2020,832.8,"2,193.00","4,970.20",58.3
21988625,Fire Station,1,1982,1108.1,1544.2,1591.6,1.39,1.44,1887.2,1935,1.7,1.75,126.7,114.4,61.6,55.6,95780.6,1199.4,2020,832.8,"2,193.00","4,970.20",58.3
21988627,Other - Public Services,1,1964,425.1,934.9,975.6,2.2,2.3,1031.1,1072.2,2.43,2.52,60.6,142.5,43.3,101.9,25389.7,843.5,2020,832.8,"2,193.00","4,970.20",58.3
21988628,Fire Station,1,1978,1108.1,1118.7,1150.5,1.01,1.04,1503.2,1534.4,1.36,1.38,111.2,100.4,37,33.4,109173.9,720.7,2020,832.8,"2,193.00","4,970.20",58.3
21988629,Fire Station,1,1988,204.4,351.7,364.7,1.72,1.78,438,449.6,2.14,2.2,30,147,13.6,66.5,24203.7,264.5,2020,832.8,"2,193.00","4,970.20",58.3
6169481,Office,1,1981,7770,10626.5,10854.3,1.37,1.4,14570.8,14649,1.88,1.89,1101.4,141.7,338.2,43.5,1122276.2,6586.5,2021,"1,249.10","2,305.00","4,916.10",151.5
6305956,Office,1,1974,6681,4320.7,4475.4,0.65,0.67,6813.2,7018.4,1.02,1.05,540.9,81,1.3,0.2,473985.3,26.1,2021,"1,249.10","2,305.00","4,916.10",151.5
6506773,Office,1,2008,14548,11588.9,11503.6,0.8,0.79,16530.3,16316,1.14,1.12,1293.8,88.9,334.3,23,1411025.7,6509.4,2021,"1,249.10","2,305.00","4,916.10",151.5
6731628,Office,1,2017,5223,3283.9,3383.9,0.63,0.65,4734.7,4835.8,0.91,0.93,370.5,70.9,88.4,16.9,414845.8,1721.9,2021,"1,249.10","2,305.00","4,916.10",151.5
6867796,Office,1,1990,540,484.5,501.9,0.9,0.93,635.8,653.3,1.18,1.21,46.1,85.3,17,31.4,42818,330.4,2021,"1,249.10","2,305.00","4,916.10",151.5
8854296,Office,1,1979,17468,13562.7,14080.5,0.78,0.81,20339.1,21025.9,1.16,1.2,1531.4,87.7,24.5,1.4,1081770.4,477.2,2021,"1,249.10","2,305.00","4,916.10",151.5
8854297,Office,1,1931,15195,7761,7910.9,0.51,0.52,10465.8,10600.3,0.69,0.7,778.9,51.3,256.5,16.9,768216.6,4995.5,2021,"1,249.10","2,305.00","4,916.10",151.5
8854298,Office,1,1982,85941,80012.3,81796.4,0.93,0.95,126219.7,128039.4,1.47,1.49,10040.3,116.8,64.1,0.7,8908231.3,1249.2,2021,"1,249.10","2,305.00","4,916.10",151.5
8854299,Office,1,1978,3664.9,2938,3021.8,0.8,0.82,3907.1,3946.9,1.07,1.08,286.9,78.3,100.1,27.3,274773.6,1948.9,2021,"1,249.10","2,305.00","4,916.10",151.5
9265818,Ice/Curling Rink,1,1990,12856,14488.3,14566.7,1.13,1.13,19398.4,19477.6,1.51,1.52,1433.9,111.5,486.4,37.8,1393401.8,9472.2,2021,"1,249.10","2,305.00","4,916.10",151.5
9469974,Fire Station,1,1973,1637.5,1705.3,1703.1,1.04,1.04,2295.3,2293.1,1.4,1.4,170.5,104.1,56.6,34.6,167536.7,1102.2,2021,"1,249.10","2,305.00","4,916.10",151.5
9474562,Ice/Curling Rink,1,1971,4189.8,11038.6,11370.1,2.63,2.71,13818.2,14153.1,3.3,3.38,953.3,227.5,422.5,100.8,780519.9,8228.8,2021,"1,249.10","2,305.00","4,916.10",151.5
9475593,Ice/Curling Rink,1,1970,3884,3715.8,3832,0.96,0.99,4793.3,4951.9,1.23,1.27,341.4,87.9,134.6,34.6,304199.5,2620.7,2021,"1,249.10","2,305.00","4,916.10",151.5
9481172,Heated Swimming Pool,1,1976,1641.2,8508.7,8715.6,5.18,5.31,10422.7,10631.7,6.35,6.48,701.7,427.6,338.1,206,534804.4,6583.4,2021,"1,249.10","2,305.00","4,916.10",151.5
9492075,Ice/Curling Rink,2,1963,8558,23007.5,23232.6,2.69,2.71,30679.4,30906.8,3.58,3.61,2258.9,264,779.2,91,2176064.7,15174,2021,"1,249.10","2,305.00","4,916.10",151.5
9493731,Ice/Curling Rink,1,1975,2295.5,4578.8,4493.3,1.99,1.96,6085.2,5998.7,2.65,2.61,446.6,194.6,156.2,68,427079.9,3041.4,2021,"1,249.10","2,305.00","4,916.10",151.5
9493818,Ice/Curling Rink,1,1972,5032,8900.8,8893.7,1.77,1.77,11844.9,11837.8,2.35,2.35,870.4,173,302.7,60.2,834872.2,5895.4,2021,"1,249.10","2,305.00","4,916.10",151.5
9496797,Ice/Curling Rink,1,1977,5036.4,10332,10586.5,2.05,2.1,13897.5,14154.5,2.76,2.81,1031.8,204.9,343.4,68.2,1012366.3,6687.7,2021,"1,249.10","2,305.00","4,916.10",151.5
9498648,Ice/Curling Rink,1,1969,5260.1,5953.8,6030.7,1.13,1.15,7507.6,7585.3,1.43,1.44,522.1,99.3,225,42.8,436939.1,4380.8,2021,"1,249.10","2,305.00","4,916.10",151.5
9499354,Ice/Curling Rink,1,1970,2185.5,3974.9,3928.3,1.82,1.8,5197.7,5150.6,2.38,2.36,375.4,171.8,140.2,64.1,345923.6,2729.7,2021,"1,249.10","2,305.00","4,916.10",151.5
9504074,Ice/Curling Rink,1,1963,3145,8131.4,8435,2.59,2.68,10471.2,10777.8,3.33,3.43,744.5,236.7,295.5,93.9,660391.2,5754.1,2021,"1,249.10","2,305.00","4,916.10",151.5
9552446,Fitness Center/Health Club/Gym,1,1963,1953.1,8808,9011.7,4.51,4.61,10734.7,10940.5,5.5,5.6,718.5,367.9,352.9,180.7,537631.2,6872.6,2021,"1,249.10","2,305.00","4,916.10",151.5
9552651,Heated Swimming Pool,1,1972,1462.8,8324.2,8536.2,5.69,5.84,10246.2,10460.3,7,7.15,693.7,474.2,328.1,224.3,537652.5,6388.8,2021,"1,249.10","2,305.00","4,916.10",151.5
9563574,Fitness Center/Health Club/Gym,1,1964,2892.9,10267.9,10621,3.55,3.67,12613.1,12969.7,4.36,4.48,851.9,294.5,406,140.4,655736.3,7907.3,2021,"1,249.10","2,305.00","4,916.10",151.5
9563763,Fitness Center/Health Club/Gym,1,1969,2034.8,8606.8,8789.1,4.23,4.32,10592.7,10776.8,5.21,5.3,717,352.4,339.3,166.7,555515.4,6607.1,2021,"1,249.10","2,305.00","4,916.10",151.5
9565753,Fitness Center/Health Club/Gym,1,1970,1549.8,4797.9,4898,3.1,3.16,5520.5,5621.6,3.56,3.63,344,222,209.9,135.4,197272.7,4087.8,2021,"1,249.10","2,305.00","4,916.10",151.5
9569163,Office,1,1979,1189.5,1131.1,1178.4,0.95,0.99,1548.7,1596.5,1.3,1.34,116.9,98.3,36.1,30.4,118800.4,703.4,2021,"1,249.10","2,305.00","4,916.10",151.5
9578055,"Repair Services (Vehicle, Shoe, Locksmith, etc.)",2,2014,9891.1,11657.4,11872.2,1.18,1.2,13682.1,13919.5,1.38,1.41,874.9,88.5,495.5,50.1,557972.6,9648.7,2021,"1,249.10","2,305.00","4,916.10",151.5
9586833,Office,1,2018,3762,2899.8,2960.8,0.77,0.79,4016.7,4078.4,1.07,1.08,295.5,78.6,78.8,20.9,318748.8,1533.9,2021,"1,249.10","2,305.00","4,916.10",151.5
9588693,Office,1,1976,229.5,799.7,844.7,3.49,3.68,903.7,949,3.94,4.14,55,239.5,35.9,156.4,28063.2,698.7,2021,"1,249.10","2,305.00","4,916.10",151.5
9588819,Mixed Use Property,1,1954,2072,1069.5,1071.1,0.52,0.52,1182,1183.6,0.57,0.57,69.7,33.6,49.4,23.8,29761.5,962.4,2021,"1,249.10","2,305.00","4,916.10",151.5
9589240,Office,1,1972,922,2034.3,2122.1,2.21,2.3,2605,2687.7,2.83,2.92,184.2,199.7,74.7,81,160946.1,1454.9,2021,"1,249.10","2,305.00","4,916.10",151.5
9589255,Social/Meeting Hall,1,1970,2391,3718.3,3738.4,1.56,1.56,4546.9,4523.6,1.9,1.89,305.5,127.8,148.2,62,231395.4,2885.4,2021,"1,249.10","2,305.00","4,916.10",151.5
9601552,Self-Storage Facility,1,1982,4761.5,5823.5,5875.2,1.22,1.23,7531,7583.3,1.58,1.59,537.8,113,209.9,44.1,482260.4,4087.5,2021,"1,249.10","2,305.00","4,916.10",151.5
9601861,Non-Refrigerated Warehouse,1,1982,22684,16631.8,16604,0.73,0.73,25763,25735.9,1.14,1.13,2071.7,91.3,285.9,12.6,2626141.6,5567.6,2021,"1,249.10","2,305.00","4,916.10",151.5
9619682,Fire Station,1,1912,1508.1,2010.1,1992.8,1.33,1.32,2684.5,2643.8,1.78,1.75,198,131.3,67.8,45,191336,1321.3,2021,"1,249.10","2,305.00","4,916.10",151.5
9637753,Office,1,1992,3783.3,4801.2,4905.8,1.27,1.3,6333.9,6393.7,1.67,1.69,461.5,122,166.3,44,434140.5,3238.4,2021,"1,249.10","2,305.00","4,916.10",151.5
9639310,Fire Station,1,1975,1669.9,2280.1,2358.3,1.37,1.41,2874.3,2931.9,1.72,1.76,199.8,119.7,86.2,51.6,167086.1,1678.6,2021,"1,249.10","2,305.00","4,916.10",151.5
9640461,Fire Station,1,2003,1385.4,2050.7,2043.8,1.48,1.48,2635.2,2608.4,1.9,1.88,187,134.9,74.8,54,164900,1457.1,2021,"1,249.10","2,305.00","4,916.10",151.5
9642577,Fire Station,1,2012,2110.4,2449.7,2478.6,1.16,1.17,3183.7,3212.9,1.51,1.52,227.8,107.9,86.6,41.1,207517,1687.4,2021,"1,249.10","2,305.00","4,916.10",151.5
9649332,Fire Station,1,2016,1895.2,1954.7,1990.3,1.03,1.05,2452.5,2495.9,1.29,1.32,163,86,67.7,35.7,140226,1317.5,2021,"1,249.10","2,305.00","4,916.10",151.5
9662776,Fire Station,1,1979,1132.7,1200.6,1199.9,1.06,1.06,1578.3,1577.5,1.39,1.39,114.6,101.2,41.9,37,106914.2,815.8,2021,"1,249.10","2,305.00","4,916.10",151.5
9664992,Fire Station,1,1978,1072.2,1138,1130.9,1.06,1.05,1513.6,1498.7,1.41,1.4,111.2,103.7,38.8,36.1,106489.3,754.7,2021,"1,249.10","2,305.00","4,916.10",151.5
9769634,Fire Station,1,2014,2319.5,2184.9,2268.5,0.94,0.98,3027.9,3112.4,1.31,1.34,231.1,99.6,67.8,29.2,240113.4,1320.6,2021,"1,249.10","2,305.00","4,916.10",151.5
9787562,Fire Station,1,1973,971.9,1363.2,1361.6,1.4,1.4,1917.3,1915.6,1.97,1.97,148.2,152.5,40.8,42,158032.6,794.3,2021,"1,249.10","2,305.00","4,916.10",151.5
9846129,Fire Station,1,1989,963.3,926.2,934.3,0.96,0.97,1190.1,1198.3,1.24,1.24,84.4,87.6,33.8,35.1,74465.3,658.2,2021,"1,249.10","2,305.00","4,916.10",151.5
9848101,Fire Station,1,1961,793.1,696.4,696.1,0.88,0.88,964.3,964,1.22,1.22,73.5,92.7,21.7,27.3,76298.8,421.7,2021,"1,249.10","2,305.00","4,916.10",151.5
9959373,Fire Station,1,1988,4111,3995.7,4123.1,0.97,1,5408.6,5501.5,1.32,1.34,404,98.3,131,31.9,401447.7,2550.6,2021,"1,249.10","2,305.00","4,916.10",151.5
9988886,Fire Station,1,1970,978.6,1730.4,1741.3,1.77,1.78,2122.7,2133.7,2.17,2.18,143.1,146.3,68.6,70.1,109657.1,1335.6,2021,"1,249.10","2,305.00","4,916.10",151.5
9997794,Fire Station,1,1975,1057.1,949.4,948.2,0.9,0.9,1233.9,1232.6,1.17,1.17,88.6,83.8,33.9,32.1,80399.3,660,2021,"1,249.10","2,305.00","4,916.10",151.5
10002717,Fire Station,1,1996,1758.8,1331.8,1331.5,0.76,0.76,1818.9,1802.4,1.03,1.02,137,77.9,42.8,24.3,138548.2,833,2021,"1,249.10","2,305.00","4,916.10",151.5
10154586,Non-Refrigerated Warehouse,1,1985,10640,7599,7880.2,0.71,0.74,9041.6,9325.3,0.85,0.88,562.7,52.9,289.9,27.2,401093.2,5646.1,2021,"1,249.10","2,305.00","4,916.10",151.5
10170296,Office,1,2012,5213.2,17913.7,17968,3.44,3.45,33839.4,33894.3,6.49,6.5,3199.8,613.8,68.7,13.2,4604465.8,1338.3,2021,"1,249.10","2,305.00","4,916.10",151.5
10176477,Non-Refrigerated Warehouse,1,1975,5663,5008.1,5019.2,0.88,0.89,6306.8,6318.2,1.11,1.12,437.9,77.3,189.7,33.5,365093.8,3693.8,2021,"1,249.10","2,305.00","4,916.10",151.5
10176804,Heated Swimming Pool,1,2010,1838,3837.1,3890.6,2.09,2.12,4773.1,4827.1,2.6,2.63,327,177.9,148.5,80.8,262478.9,2892.2,2021,"1,249.10","2,305.00","4,916.10",151.5
10260523,Fire Station,1,1975,1066.2,1146.6,1146,1.08,1.07,1506.1,1505.5,1.41,1.41,109.3,102.5,40.1,37.6,101748.4,780.4,2021,"1,249.10","2,305.00","4,916.10",151.5
10263307,Fire Station,1,1977,1101.1,1323.6,1314.4,1.2,1.19,1784.2,1767.8,1.62,1.61,132.7,120.6,43.8,39.8,130831.3,852.6,2021,"1,249.10","2,305.00","4,916.10",151.5
10265387,Fire Station,1,1977,1095.2,1455.5,1405.2,1.33,1.28,1982.2,1926.9,1.81,1.76,148.9,135.9,47.1,43,149756.5,916.4,2021,"1,249.10","2,305.00","4,916.10",151.5
10277262,Fire Station,1,1979,1104.6,1351.2,1353.1,1.22,1.22,1695.7,1701.4,1.54,1.54,117,105.9,51.1,46.3,96789.1,996,2021,"1,249.10","2,305.00","4,916.10",151.5
10287290,Fire Station,1,1950,1112.1,1316.7,1302.2,1.18,1.17,1718.2,1689.8,1.54,1.52,123.8,111.4,46.6,41.9,113570.2,907.8,2021,"1,249.10","2,305.00","4,916.10",151.5
10417704,Fitness Center/Health Club/Gym,1,1988,1806.5,3677.7,3700.5,2.04,2.05,4692.1,4715,2.6,2.61,330.4,182.9,136,75.3,285845.4,2648.7,2021,"1,249.10","2,305.00","4,916.10",151.5
10417915,Other - Recreation,1,1966,1418.4,3992,3992,2.81,2.81,4846.6,4846.6,3.42,3.42,322.9,227.7,160.9,113.5,238235.5,3134.4,2021,"1,249.10","2,305.00","4,916.10",151.5
10417930,Distribution Center,1,2018,44228.3,146772.3,146772.3,3.32,3.32,149839.2,149839.2,3.39,3.39,7768.2,175.6,7450.2,168.4,467614.2,145089,2021,"1,249.10","2,305.00","4,916.10",151.5
10439156,Office,1,1974,832,807.1,823.7,0.97,0.99,1064.1,1084.4,1.28,1.3,77.5,93.1,28,33.6,72790.6,545,2021,"1,249.10","2,305.00","4,916.10",151.5
10439375,Fire Station,1,2018,1459.3,1634.6,1608.2,1.12,1.1,2199.2,2172.6,1.51,1.49,159.2,109.1,50,34.3,160545.5,974.1,2021,"1,249.10","2,305.00","4,916.10",151.5
10531101,Fire Station,1,2015,2257.9,4183.1,4255.6,1.85,1.88,5168,5241.3,2.29,2.32,351.4,155.6,163.8,72.6,275785.1,3190.3,2021,"1,249.10","2,305.00","4,916.10",151.5
10536854,Fire Station,1,2013,1668.4,2435.7,2420.6,1.46,1.45,3259.2,3220.2,1.95,1.93,240.8,144.3,81.9,49.1,233683.3,1594.5,2021,"1,249.10","2,305.00","4,916.10",151.5
10536957,Museum,1,2012,2048.6,2999.9,3155.5,1.46,1.54,3948.6,4124.8,1.93,2.01,287.1,140.1,104.4,51,268641.3,2032.8,2021,"1,249.10","2,305.00","4,916.10",151.5
10536969,Fire Station,1,2009,1907.7,1776.8,1804,0.93,0.95,2242.2,2269.6,1.18,1.19,156,81.8,67,35.1,130875,1305.7,2021,"1,249.10","2,305.00","4,916.10",151.5
10543320,Fire Station,1,2012,1842.2,2395.3,2421,1.3,1.31,3220.7,3246.7,1.75,1.76,239,129.8,79.7,43.3,234352.5,1551.7,2021,"1,249.10","2,305.00","4,916.10",151.5
10544403,Fire Station,1,2013,1487.6,1887.6,1954.5,1.27,1.31,2450.3,2517.8,1.65,1.69,175.7,118.1,67.5,45.4,159008.6,1315.2,2021,"1,249.10","2,305.00","4,916.10",151.5
21988595,"Repair Services (Vehicle, Shoe, Locksmith, etc.)",2,2011,6632,7208.3,7322.4,1.09,1.1,9466.8,9581.9,1.43,1.44,686.7,103.5,252,38,639301.3,4907,2021,"1,249.10","2,305.00","4,916.10",151.5
21988596,Indoor Arena,2,1990,16258,15746.6,16066.7,0.97,0.99,19177.7,19500.9,1.18,1.2,1282.5,78.9,631.6,38.9,957222.5,12300.8,2021,"1,249.10","2,305.00","4,916.10",151.5
21988597,Office,3,1956,6987.7,25357.5,26101.2,3.63,3.74,37242.1,37993.3,5.33,5.44,2986.1,427.3,673.4,96.4,3401039.6,13114.3,2021,"1,249.10","2,305.00","4,916.10",151.5
21988599,Other - Public Services,1,1896,269.9,240.7,238.1,0.89,0.88,291.1,284.2,1.08,1.05,19.3,71.5,9.8,36.2,14030.7,190.2,2021,"1,249.10","2,305.00","4,916.10",151.5
21988600,Fire Station,1,2014,2129,2967.9,3081,1.39,1.45,3741.8,3856.1,1.76,1.81,260.2,122.2,112.2,52.7,217628.4,2184.5,2021,"1,249.10","2,305.00","4,916.10",151.5
21988601,Other,1,1962,4257.9,281,293.1,0.07,0.07,550.8,574.4,0.13,0.13,53.1,12.5,0,0,78059.7,,2021,"1,249.10","2,305.00","4,916.10",151.5
21988602,Performing Arts,1,1900,1160.9,1338.3,1403.6,1.15,1.21,1711.4,1782.9,1.47,1.54,120.8,104.1,49.3,42.4,105177.5,959.7,2021,"1,249.10","2,305.00","4,916.10",151.5
21988603,Office,1,2000,2142.6,7016.5,7238.5,3.27,3.38,8816.6,8981.6,4.11,4.19,610.8,285.1,266.8,124.5,505837,5195.6,2021,"1,249.10","2,305.00","4,916.10",151.5
21988605,Fire Station,1,2009,1669.5,2095.1,2058.4,1.25,1.23,2618.7,2581.6,1.57,1.55,180.4,108,80.4,48.2,146969.5,1566,2021,"1,249.10","2,305.00","4,916.10",151.5
21988606,Fitness Center/Health Club/Gym,1,1976,1588.4,9074.2,9256.5,5.71,5.83,11340.2,11524.3,7.14,7.26,780.9,491.7,348.4,219.4,636048.2,6784.6,2021,"1,249.10","2,305.00","4,916.10",151.5
21988608,Office,1,1976,525.4,480.1,492.5,0.91,0.94,676.1,694.5,1.29,1.32,52.3,99.6,14.3,27.2,55928,278.8,2021,"1,249.10","2,305.00","4,916.10",151.5
21988609,Office,1,1919,1388.3,2483.6,2523.6,1.79,1.82,2960.1,3000.5,2.13,2.16,192.9,139,103.1,74.3,132066.2,2008.2,2021,"1,249.10","2,305.00","4,916.10",151.5
21988611,Other - Recreation,1,1965,113.1,149.6,151,1.32,1.34,293.2,295.9,2.59,2.62,28.3,249.9,0,0,41548,,2021,"1,249.10","2,305.00","4,916.10",151.5
21988613,Fire Station,1,1994,378.5,319.4,324.3,0.85,0.86,389.2,394.1,1.03,1.04,26,68.9,12.8,33.9,19461.6,249.4,2021,"1,249.10","2,305.00","4,916.10",151.5
21988614,Other - Public Services,1,1975,419.6,611.9,644.1,1.46,1.53,738.6,771.1,1.76,1.84,48.9,116.5,24.9,59.3,35255.8,485,2021,"1,249.10","2,305.00","4,916.10",151.5
21988616,Office,1,1976,352.7,482.6,501.8,1.37,1.42,670.4,690.6,1.9,1.96,51.3,145.4,14.9,42.2,53509.4,290,2021,"1,249.10","2,305.00","4,916.10",151.5
21988617,Fitness Center/Health Club/Gym,1,1982,14418.8,41002.6,41037.6,2.84,2.85,53267.6,53303.3,3.69,3.7,3791.8,263,1433.4,99.4,3468279.6,27914.2,2021,"1,249.10","2,305.00","4,916.10",151.5
21988618,Fire Station,1,1998,1317,1969.7,1967.5,1.5,1.49,2552,2549.8,1.94,1.94,182.4,138.5,70.5,53.6,164526.4,1373.7,2021,"1,249.10","2,305.00","4,916.10",151.5
21988619,Fire Station,1,1987,945.1,1524.5,1588.5,1.61,1.68,1969.7,2034.3,2.08,2.15,140.5,148.7,55,58.2,125718.1,1071.9,2021,"1,249.10","2,305.00","4,916.10",151.5
21988620,Fitness Center/Health Club/Gym,1,1900,13072.6,70795.8,73314,5.42,5.61,74532.4,77075.8,5.7,5.9,4073.8,311.6,3471.6,265.6,885607.1,67607.7,2021,"1,249.10","2,305.00","4,916.10",151.5
21988621,Other - Public Services,1,1975,1069.8,1304.5,1367.4,1.22,1.28,1523.6,1587.1,1.42,1.48,96.8,90.5,55.9,52.2,60248.8,1087.7,2021,"1,249.10","2,305.00","4,916.10",151.5
21988622,Fire Station,1,1988,927.8,1086.3,1094,1.17,1.18,1435.1,1443,1.55,1.56,104.7,112.9,37.5,40.4,98829.9,730.5,2021,"1,249.10","2,305.00","4,916.10",151.5
21988623,Other - Public Services,1,2001,260.1,579,584.3,2.23,2.25,922.8,928.1,3.55,3.57,78.7,302.4,11.5,44.1,98829.9,223.2,2021,"1,249.10","2,305.00","4,916.10",151.5
21988624,Office,1,1960,767.6,1069.9,1129.4,1.39,1.47,1180.7,1240.8,1.54,1.62,69.4,90.5,49.5,64.5,29272.2,964.5,2021,"1,249.10","2,305.00","4,916.10",151.5
21988625,Fire Station,1,1982,1108.1,1238.3,1243.5,1.12,1.12,1537.5,1542.7,1.39,1.39,105.1,94.9,48.1,43.4,83862.3,936.5,2021,"1,249.10","2,305.00","4,916.10",151.5
21988627,Other - Public Services,1,1964,425.1,920.2,966.2,2.17,2.27,1010.1,1056.6,2.38,2.49,58.9,138.7,42.9,100.9,23595.8,835.2,2021,"1,249.10","2,305.00","4,916.10",151.5
21988628,Fire Station,1,1978,1108.1,1080.6,1068.6,0.98,0.96,1459.5,1436,1.32,1.3,108.5,97.9,35.3,31.9,107623.8,688.4,2021,"1,249.10","2,305.00","4,916.10",151.5
21988629,Fire Station,1,1988,204.4,335.5,334.6,1.64,1.64,418.4,414.6,2.05,2.03,28.7,140.6,12.9,63.2,23255.5,251.7,2021,"1,249.10","2,305.00","4,916.10",151.5
