Air_Temp_Avg,Relative_Humidity_Avg,Wind_Speed_10m_Avg,Heating_kWh,Electricity_kWh,Cooling_kWh,Natural_Gas_kWh,Domestic_Water_m3
-1.2,90.3,9.1,16244.45744,13240.10000000149,4920.6632653,1319.4455,6.39
-2.9,94.8,13.4,17772.23644,13108.559999998659,4882.564026200001,1413.89002,49.96
-3.3,81.7,9.0,16852.79126,13307.63000000082,5163.912253400001,1288.88992,101.98
-2.2,82.2,8.4,15450.01236,12917.940000001341,5117.0208822,1422.2233600000002,110.85
-0.9,72.4,4.5,13422.232960000001,10770.249999998137,5225.4571780999995,1413.89002,106.5
1.5,64.0,5.5,11633.34264,10623.759999997914,5243.0414423,1380.55666,94.6
2.0,66.0,6.4,11255.564560000003,11013.11000000313,5178.565806900001,1327.7788400000002,93.07
-1.8,89.1,15.0,15102.78986,13130.410000000149,5187.357939,1341.66774,99.34
-3.9,89.4,11.2,18547.23706,12965.900000000373,5313.3784991,1272.22324,106.82
-2.2,90.4,13.7,16936.12466,13287.640000000596,5459.9140341,1305.5566000000001,111.36
0.6,78.6,9.7,14272.233640000002,12903.919999998063,5442.3297699,1244.4454400000002,94.27
5.5,63.8,27.4,10219.45262,11309.640000000596,5319.2399205,1216.6676400000001,108.24
-1.4,80.7,16.1,15433.345680000002,11046.539999999106,5676.786625900001,1244.4454400000002,94.08
2.7,57.2,10.3,12605.56564,13375.379999998957,5134.6051464,1236.1121,94.76
10.8,39.7,15.2,7911.117440000001,13900.050000000745,5310.447788400001,1255.55656,51.86
9.7,42.6,8.2,7652.7839,13740.799999998882,9176.0552017,1341.66774,19.9
11.6,32.5,7.9,5794.44908,13641.5800000038,7402.975228200001,1244.4454400000002,7.34
11.5,31.4,10.1,5705.56012,13419.169999998063,5653.3409403000005,1213.8898600000002,14.44
5.4,57.7,7.6,6672.22756,11447.119999997318,5248.9028637,1141.6675800000003,10.27
8.7,51.0,10.8,5666.6712,11654.820000004023,4973.4160579,1111.112,12.71
3.5,61.9,6.8,6886.116620000001,13777.070000000298,5354.408448900001,1119.4453400000002,2.91
3.4,61.6,10.7,7616.672760000001,13574.189999995753,5547.8353551,1111.112,9.17
5.0,58.4,5.0,7927.78412,13154.300000000745,5498.013273200001,1172.22316,6.14
8.2,55.2,11.7,8511.11792,13508.660000002012,5788.153632500001,1180.5565000000001,13.25
7.6,47.4,13.4,9977.78576,13139.240000000224,5225.4571780999995,1183.33428,8.94
7.2,57.8,13.2,10341.674939999999,10973.999999998137,5363.200581000001,1147.22314,7.7
5.8,47.8,16.2,11608.342620000001,11063.300000000745,5202.011492500001,1200.00096,0.09
5.1,53.2,13.0,11777.7872,13139.720000002533,5228.3878888,1288.88992,7.11
4.7,49.5,9.5,10019.45246,13720.339999999851,5108.2287501,1241.66766,8.5
5.3,40.1,15.8,12461.12108,13458.079999998212,5483.359719700001,1188.88984,13.04
5.4,41.5,14.1,12397.232140000002,13574.390000000596,5313.3784991,1127.77868,15.84
2.6,66.2,20.7,13280.566180000002,13240.0,5823.322160900001,0.0,19.64
0.5,87.8,14.4,14811.12296,11285.85000000149,5738.3315506,0.0,12.48
4.1,65.6,12.1,13183.34388,12006.53999999538,5366.1312917,0.0,3.19
4.8,63.1,18.0,14141.67798,13164.000000001863,5653.3409403000005,0.0,0.19
-5.6,78.8,17.2,19547.23786,13511.280000001192,5544.9046444000005,0.0,19.51
-8.7,85.3,6.3,22169.462180000002,13230.98999999836,5058.406668200001,0.0,11.1
-8.0,74.0,8.4,21608.350620000005,13338.740000002086,5058.406668200001,0.0,15.42
-8.8,70.4,8.4,21422.239360000003,12869.339999999851,4988.0696114,0.0,14.71
-1.6,73.6,15.0,15427.790120000001,11000.279999997467,5011.515297000001,0.0,18.09
-0.6,73.2,19.4,14444.456000000002,10929.910000003874,4917.732554600001,0.0,0.84
-3.6,85.5,11.1,17247.236020000004,11332.459999999031,5020.3074291,0.0,0.02
-1.5,70.5,8.9,15369.456740000001,12431.099999997765,4703.790673500001,0.0,0.97
7.4,38.6,15.0,9550.007640000002,12798.180000001565,4513.294478000001,0.0,13.44
6.8,47.0,18.1,9483.34092,12572.349999999627,4903.079001100001,0.0,7.75
1.9,62.9,6.8,11480.56474,12737.679999999702,4917.732554600001,0.0,4.9
-8.5,85.2,19.9,21116.68356,11118.749999998137,4568.9779813000005,0.0,9.28
-8.7,71.0,7.5,19758.34914,11034.010000003502,4791.7119945,0.0,7.37
2.5,68.5,14.0,12472.2322,13102.979999996722,4642.2457488,0.0,1.12
2.8,69.5,7.2,12061.120760000002,13447.500000001863,4794.6427052,0.0,5.72
6.3,42.1,13.5,10255.563760000001,13189.729999998584,4797.5734159,0.0,7.08
3.1,44.1,6.5,11325.009060000002,13461.050000002608,4736.028491200001,0.0,12.68
3.0,55.8,7.2,11752.787180000001,12958.089999999851,4733.0977805,0.0,8.63
-2.4,87.4,9.8,15486.123500000002,10967.23999999836,4568.9779813000005,0.0,6.92
-6.6,90.1,8.0,16363.90198,10871.889999998733,4475.1952389,0.0,1.84
-5.2,73.2,6.3,15786.12374,13093.179999999702,4797.5734159,0.0,6.75
-0.7,77.9,7.5,12886.121420000001,13682.480000000447,4683.2756986,0.0,5.91
6.1,56.7,15.2,11041.675500000001,13375.330000001937,4903.079001100001,0.0,5.89
4.0,44.5,13.5,11827.78724,13630.790000000969,4876.702604800001,0.0,8.3
-0.6,54.8,5.5,14252.789180000002,12940.5,4955.8317937,0.0,18.62
-4.5,74.6,4.0,16055.5684,10951.469999996945,4949.9703723,0.0,6.01
-3.8,86.3,14.4,16277.7908,10809.760000003502,4859.1183406,0.0,2.49
-4.0,86.0,16.4,16544.457680000003,12891.279999997467,4873.7718941,0.0,0.01
-5.2,78.3,7.7,18502.79258,13120.009999999776,4777.058441,0.0,12.32
-5.1,60.3,13.1,18694.4594,12871.009999999776,4973.4160579,0.0,8.88
-8.7,76.8,16.1,22466.68464,13092.10000000149,4750.682044700001,0.0,7.08
-12.0,66.7,5.9,23644.46336,12781.050000000745,4935.3168188,0.0,4.73
-8.7,61.5,4.3,19911.127040000003,11015.419999999925,5061.337378900001,0.0,12.25
-6.3,52.2,7.3,18575.014860000003,10988.11999999918,4771.197019600001,0.0,0.04
0.2,46.2,10.6,14891.678580000002,12445.410000000149,4621.7307739,0.0,0.98
3.2,46.8,17.3,12322.232080000002,12453.200000001118,4791.7119945,0.0,3.67
-1.6,53.8,9.6,14872.234120000001,12218.329999998212,4958.762504400001,0.0,8.89
-0.3,51.1,17.4,13833.3444,12311.800000002608,5146.3279892,0.0,2.3
-0.9,54.1,9.4,13158.34386,12597.839999999851,5114.0901715,0.0,1.71
3.2,47.5,13.2,10102.78586,11054.94999999553,4999.7924542,0.0,3.5
0.0,58.2,15.5,12786.121340000002,10665.750000003725,5090.6444859,0.0,6.71
-3.2,71.4,10.1,15152.7899,12656.329999998212,5020.3074291,0.0,0.02
0.9,60.6,14.3,11838.898360000001,12556.420000001788,5023.238139800001,0.0,2.83
1.9,57.0,12.2,11638.8982,12655.26999999769,5032.030271900001,0.0,3.38
2.1,44.5,14.6,11955.565120000001,12391.629999998957,4853.2569192,0.0,10.65
2.1,55.6,18.0,11436.120260000002,11976.120000004768,4809.2962587,0.0,3.4
0.8,49.0,20.3,12836.12138,10699.939999997616,4876.702604800001,0.0,2.37
-6.4,58.4,11.4,17016.68028,10554.38000000082,4961.6932151,0.0,0.01
-3.4,60.2,11.4,15444.456800000002,10789.789999997243,4888.425447600001,0.0,6.67
-8.4,79.6,6.7,18311.125760000003,10860.700000001118,4879.6333155,0.0,0.01
-6.0,85.0,7.3,17277.7916,10837.450000001118,5020.3074291,0.0,0.01
-7.5,91.6,9.1,18694.4594,10863.849999999627,4979.2774793,0.0,0.59
-7.7,87.0,8.0,19094.45972,10800.030000001192,4850.326208500001,0.0,6.7
-5.8,61.7,9.5,17961.12548,10628.479999998584,4381.4124965,0.0,0.62
1.0,55.0,13.0,12816.676920000002,10497.180000001565,4557.255138500001,0.0,0.0
-7.0,78.2,24.3,19133.34864,10768.749999996275,4692.067830700001,0.0,0.01
-12.4,73.6,10.4,23016.685080000003,10850.730000000447,4542.601585,0.0,6.77
0.6,50.0,13.0,14030.566780000001,12166.019999999553,4478.1259496,0.0,0.01
7.5,43.6,23.9,8691.67362,12005.350000003353,4615.8693525,0.0,1.84
4.1,58.0,10.9,9933.34128,11876.569999996573,4387.273917900001,0.0,1.51
1.1,66.0,18.7,11463.898060000001,10598.960000000894,4554.3244278,0.0,10.43
-7.6,92.1,5.6,17419.45838,10618.960000000894,4721.3749377,0.0,0.0
-3.3,80.1,11.1,15236.123300000001,12136.080000000075,4750.682044700001,0.0,0.01
-8.8,78.2,8.8,20163.905020000002,11997.27999999933,4774.1277303,0.0,4.57
-9.7,63.8,12.6,22008.350940000004,12261.88000000082,4422.4424463000005,0.0,8.84
-8.6,75.9,9.2,20441.683020000004,12497.700000001118,4475.1952389,0.0,5.43
-4.4,71.2,8.4,16136.124020000003,12439.209999999031,4636.3843274,0.0,4.41
-1.9,63.0,7.4,14730.567340000001,11279.190000001341,4504.5023459,0.0,2.73
3.6,40.3,7.8,12088.898560000001,10862.579999998212,4589.492956200001,0.0,7.07
-0.2,48.4,7.8,13369.455140000002,12685.740000000224,4527.9480315,0.0,1.22
-1.7,60.6,6.0,14258.34474,12996.60000000149,4413.6503142,0.0,3.8
-6.4,88.1,8.6,19102.79306,12835.509999999776,4583.631534800001,0.0,5.81
-6.6,92.7,4.2,19802.793620000004,13199.14999999851,4598.2850883,0.0,10.4
-13.9,87.1,7.3,26608.354620000002,12839.47000000067,5061.337378900001,0.0,3.73
-16.4,85.0,12.3,28027.800200000005,11087.979999998584,5474.5675876000005,0.0,5.41
-9.7,73.8,12.4,21150.016920000002,10820.400000002235,5345.6163168,0.0,0.02
-2.9,54.3,7.0,16211.124080000001,12793.999999998137,5421.814795,0.0,7.1
-6.0,64.8,6.8,18983.348520000003,13474.780000001192,5401.2998201,0.0,5.28
-1.7,47.8,21.6,16547.23546,13215.370000001043,5530.2510909,0.0,7.46
-9.0,77.6,15.3,22916.685,13567.229999998584,5319.2399205,0.0,8.07
-8.0,74.5,9.8,21530.572780000002,12986.280000001192,5430.606927100001,0.0,18.95
-1.3,72.2,9.9,15083.3454,11505.839999997988,5515.597537400001,0.0,3.11
4.1,53.9,13.5,9997.230220000001,11113.710000002757,5207.872913900001,0.0,0.0
1.6,64.7,31.6,13408.344060000001,13147.059999998659,4941.1782402,0.0,0.61
-6.3,63.6,13.2,19672.23796,13825.859999999404,5117.0208822,0.0,10.06
-8.6,70.1,7.1,21802.79522,13574.009999999776,5117.0208822,0.0,7.94
-1.2,60.4,6.0,14236.122500000001,13928.450000001118,4838.603365700001,0.0,8.89
-0.5,73.3,7.5,14408.344860000001,13159.359999997541,5149.2586999000005,0.0,10.34
-12.3,88.0,14.3,25477.798160000002,10982.48000000231,4542.601585,0.0,15.96
-19.4,80.2,17.1,28605.578440000005,10516.580000000075,4516.2251887,0.0,0.38
-26.2,67.0,16.6,35561.13956,12473.52999999933,4401.9274714,0.0,0.02
-26.7,65.4,8.3,38586.14198,13209.86999999918,4527.9480315,0.0,8.1
-25.8,71.1,9.8,39652.8095,12973.140000002459,4636.3843274,0.0,19.34
-22.3,71.0,7.0,35877.80648,13501.109999999404,4516.2251887,0.0,8.96
-18.7,73.4,6.9,33977.80496,12449.300000000745,4671.5528558000005,0.0,11.86
-18.9,75.5,17.1,32688.915040000004,10639.969999998808,4237.8076722000005,0.0,8.1
-26.4,68.8,14.0,35830.584220000004,10560.839999997988,4343.3132574,0.0,6.52
-26.8,70.3,12.5,36666.696,12530.470000002533,4504.5023459,0.0,0.63
-23.7,68.6,10.0,35522.25064,13060.300000000745,4507.433056600001,0.0,3.32
-22.0,73.3,6.2,34775.02782,12844.829999998212,4777.058441,0.0,8.14
-20.4,76.4,8.9,32538.914920000003,13023.299999998882,4744.820623300001,0.0,13.81
-19.4,74.5,9.4,31036.135940000004,12593.750000001863,4844.464787100001,0.0,6.42
-19.3,76.9,10.3,31455.58072,10708.570000000298,4718.444227000001,0.0,8.28
-16.7,77.3,27.3,28441.689420000002,10612.969999996945,4513.294478000001,0.0,0.04
-17.9,75.6,20.0,29461.134680000003,10836.700000001118,4460.5416854000005,0.0,7.07
-19.9,73.7,10.1,29630.579260000002,12269.230000000447,4419.5117356,0.0,0.25
-8.4,69.7,8.3,22075.01766,11810.030000001192,4744.820623300001,0.0,3.64
-6.7,80.8,19.4,21330.572620000003,11559.01999999769,4659.830013000001,0.0,2.01
-14.7,71.2,13.4,26386.13222,11510.000000001863,4733.0977805,0.0,8.72
-6.9,50.6,12.5,20750.016600000003,10924.979999998584,4850.326208500001,0.0,1.87
-14.9,76.8,19.8,26213.909860000003,10731.650000000373,4610.007931100001,0.0,0.63
-19.8,73.2,11.0,28872.24532,12399.229999998584,4724.305648400001,0.0,0.02
-24.0,72.2,6.2,33302.80442,13254.580000000075,4633.453616700001,0.0,9.5
-19.0,63.0,7.4,31786.136540000003,12991.640000004321,4806.365548,0.0,6.58
-12.6,52.0,6.4,26247.24322,13062.359999997541,4932.3861081,0.0,6.27
-8.9,64.8,11.2,23188.907440000003,12550.919999999925,5137.535857100001,0.0,8.95
-19.7,69.8,16.7,31966.69224,10913.900000002235,4762.404887500001,0.0,13.94
-26.1,62.8,7.0,34619.47214,10736.459999997169,4853.2569192,0.0,0.62
-21.8,54.7,5.1,31791.692100000004,12740.690000001341,4894.2868690000005,0.0,0.03
-17.1,52.5,7.0,29391.69018,13347.789999999106,4900.1482904,0.0,11.03
-14.6,55.2,5.7,27641.688780000004,12816.460000002757,5023.238139800001,0.0,15.74
-17.8,75.6,15.8,29175.023340000003,13305.529999997467,4862.0490513,0.0,6.67
-13.3,75.6,13.2,26341.68774,12446.949999999255,4765.335598200001,0.0,17.98
-8.0,76.1,6.0,21927.79532,10516.070000000298,4642.2457488,0.0,7.48
-6.5,60.8,9.3,19222.2376,10012.639999998733,4589.492956200001,0.0,7.06
-6.7,55.2,8.8,18775.015020000003,12465.890000000596,4510.3637673,0.0,0.37
4.5,39.8,19.8,12850.01028,13292.030000003055,4941.1782402,0.0,5.99
0.6,66.0,13.9,16383.346440000001,12686.269999995828,4859.1183406,0.0,8.44
-2.6,70.1,10.8,17669.458580000002,13055.500000003725,5075.9909324,0.0,12.22
-3.2,56.1,10.8,18719.459420000003,12341.559999996796,5213.7343353,0.0,3.61
0.0,55.9,15.6,15405.56788,10419.11000000313,5289.9328135000005,0.0,10.67
-1.9,63.1,6.5,15497.234620000001,10332.999999998137,4844.464787100001,0.0,2.0
1.7,59.4,7.4,13252.788380000002,12553.860000001267,4838.603365700001,0.0,7.38
4.4,46.4,8.0,11602.787060000002,12959.51999999769,5240.1107316,0.0,4.36
5.9,50.7,5.3,10119.45254,12697.670000001788,4035.5886339000003,0.0,12.33
6.1,54.8,5.9,9433.340880000002,13101.35000000149,5861.4214,0.0,8.93
5.2,65.2,9.5,9508.34094,12481.129999998957,5533.1818016,0.0,13.94
5.6,68.4,6.5,9569.452100000002,10727.349999997765,5254.7642851,0.0,7.63
3.0,77.4,13.0,10652.786300000002,10602.370000001043,4724.305648400001,0.0,0.74
0.0,95.2,11.8,14444.456000000002,12650.589999999851,4856.1876299000005,0.0,0.0
2.0,85.6,12.4,13241.677260000002,12894.85000000149,5102.3673287,0.0,9.66
4.1,74.3,14.1,11675.00934,12637.550000000745,4879.6333155,0.0,4.23
1.2,80.8,14.1,14452.789340000001,12987.759999999776,5289.9328135000005,0.0,5.99
1.3,67.5,13.9,14319.4559,12264.279999997467,5231.3185995,0.0,3.79
2.6,58.8,8.3,12658.343460000002,10511.700000001118,4873.7718941,0.0,8.58
5.1,48.9,15.8,10858.342020000002,10290.929999999702,4653.968591600001,0.0,0.75
3.9,58.6,14.7,11405.564680000001,12560.839999999851,4694.9985414,0.0,0.0
3.3,60.6,16.7,12938.89924,12945.980000000447,5105.298039400001,5666.6712,3.21
3.3,54.9,11.7,13222.232800000002,12990.080000000075,5046.6838254,5491.671060000001,8.47
4.5,47.9,10.5,12191.676420000002,13044.510000003502,4689.13712,5413.89322,3.09
6.7,52.0,14.0,10013.8969,12628.269999995828,4911.871133200001,5625.0045,3.57
3.9,71.3,15.7,11277.786800000002,11526.17000000365,4894.2868690000005,5613.89338,2.27
6.3,48.2,20.8,9622.229920000002,10485.719999996945,4703.790673500001,5597.2267,4.82
6.2,38.0,13.6,9491.674260000002,11095.640000002459,4727.2363591,5566.67112,0.72
6.3,35.6,11.0,9986.119100000002,12317.449999999255,3798.2010672000006,5563.8933400000005,2.29
5.0,41.9,10.1,10116.674760000002,12462.320000000298,4876.702604800001,7469.450420000001,3.43
5.9,54.2,13.9,9827.785640000002,12189.889999998733,5011.515297000001,5586.115580000001,7.56
2.2,85.0,12.7,12850.01028,11776.870000001043,5175.635096200001,8758.34034,2.45
1.9,73.8,12.5,12888.8992,11144.150000000373,4941.1782402,5497.22662,1.66
4.8,49.3,9.7,10925.008740000001,10285.659999998286,4768.2663089,5413.89322,0.71
4.2,54.5,15.7,11197.23118,10860.550000000745,4586.5622455,5413.89322,6.27
3.0,48.9,6.7,11763.8983,11687.019999999553,4741.889912600001,5391.670980000001,1.21
4.5,43.3,8.1,10941.675420000001,11362.800000000745,4267.1147792,5475.00438,1.06
7.5,33.7,15.8,8733.340320000001,10946.060000000522,5486.2904304,5477.78216,1.1
10.0,43.2,12.6,7483.339320000001,10553.169999999925,9225.8772836,5536.115540000001,5.78
5.9,70.3,14.2,10680.564100000001,10193.980000000447,4700.8599628,5383.33764,0.17
5.0,58.8,9.5,11038.89772,10013.400000000373,4586.5622455,5316.6709200000005,0.68
8.3,41.3,10.1,9475.007580000001,10255.519999999553,8534.2295584,5397.226540000001,0.03
10.4,32.1,15.2,7902.784100000001,11168.23999999836,8411.139709000001,5483.3377199999995,7.14
11.6,35.0,17.0,7152.7835000000005,11154.209999999031,4885.494736900001,5552.78222,0.48
6.2,45.7,15.6,9822.230080000001,11007.379999998957,4999.7924542,5608.337820000001,5.7
5.5,34.4,9.8,10316.674920000001,11005.490000003949,5032.030271900001,5605.56004,4.59
4.3,44.4,16.7,10830.564220000002,10680.999999998137,4821.0191015,5608.337820000001,8.86
0.7,87.2,27.0,14061.122360000001,9921.07000000216,4835.672655,5463.893260000001,0.83
-1.5,71.6,18.4,15716.679240000001,10144.569999998435,4281.7683327,5369.44874,0.01
-0.4,63.4,7.1,15150.012120000001,10640.959999999031,4440.0267105,5383.33764,6.25
-0.7,70.2,14.1,15763.901500000002,10595.180000001565,4601.2157990000005,5411.1154400000005,7.51
2.0,62.3,13.6,13658.344260000002,10959.269999999553,4501.5716352,5327.78204,4.68
3.0,71.6,15.6,12463.89886,10393.980000000447,4542.601585,5377.78208,3.05
2.6,74.6,16.9,12480.565540000001,9713.730000000447,4703.790673500001,5402.7821,1.92
-1.4,89.3,11.8,15833.346000000001,9469.859999999404,4519.155899400001,5322.22648,4.83
-0.5,82.5,11.2,15019.456460000001,10602.160000000149,4489.8487924,5297.226460000001,0.77
4.7,63.3,8.1,11169.45338,10703.72000000067,4346.2439681000005,5358.33762,2.53
5.6,76.3,10.0,10280.56378,10640.63000000082,4607.0772204,5527.7822,2.97
6.5,76.3,7.7,9486.1187,11060.809999998659,4530.8787422000005,5472.2266,8.08
10.2,53.4,8.8,7488.894880000001,10863.700000001118,4885.494736900001,5591.67114,4.32
13.6,42.8,23.9,6297.227260000001,9446.439999999478,8683.6958041,5777.782400000001,6.25
13.4,41.6,10.7,5375.0043000000005,9095.870000001043,6374.295772500001,5794.44908,0.7
16.3,40.4,12.7,4805.5594,11067.789999999106,6318.6122692,5805.5602,4.85
13.2,44.8,11.4,5597.2267,11337.009999999776,4589.492956200001,5819.4491,2.46
13.5,60.0,10.1,4863.892780000001,11121.720000002533,6532.5541503,5830.56022,9.82
11.8,64.5,18.7,6575.005260000001,11682.849999999627,5134.6051464,5830.56022,3.02
6.8,78.1,15.2,9991.67466,11259.779999997467,4791.7119945,5650.00452,7.66
4.9,85.7,13.7,11177.786720000002,9769.009999999776,4756.543466100001,5630.560060000001,2.94
3.7,84.4,19.1,12033.342960000002,9662.290000002831,4800.5041266,5633.337840000001,1.81
5.7,66.1,15.4,10200.008160000001,10013.579999998212,4823.9498122,5661.11564,0.68
4.9,61.5,13.0,10561.119560000001,11714.26000000164,4850.326208500001,5608.337820000001,4.92
5.7,79.1,7.4,10725.00858,11365.209999999031,4920.6632653,5572.22668,1.66
10.5,58.8,7.3,7322.228080000001,11272.929999999702,4325.7289932,5616.67116,4.74
13.4,44.1,10.0,5463.893260000001,10351.050000000745,3428.931519,5711.11568,7.3
11.1,68.0,16.1,5969.44922,10098.829999998212,4387.273917900001,5702.782340000001,9.81
8.5,82.4,15.8,7205.561320000001,9953.500000001863,5533.1818016,5552.78222,6.52
9.6,54.3,7.0,6563.89414,11207.259999997914,4639.3150381000005,5411.1154400000005,6.52
12.6,47.0,10.5,5247.226420000001,11439.38000000082,8548.8831119,5619.44894,3.23
14.5,39.4,8.1,4633.33704,11136.950000001118,9322.5907367,5622.22672,7.78
17.3,38.9,7.9,3713.89186,11271.79999999702,7060.0820763,5686.11566,5.6
17.4,42.2,20.6,3722.2252000000003,10853.0800000038,7578.8178702000005,5894.44916,4.64
15.1,52.0,10.2,4275.003420000001,9438.23999999836,9105.7181449,5888.8936,3.33
18.0,47.7,8.3,3144.44696,9258.300000002608,9814.950134300001,5925.00474,5.54
19.2,41.1,12.5,2866.6689600000004,11070.03999999538,10096.298361500001,5872.226920000001,5.76
17.5,48.9,17.7,4711.114880000001,11365.790000000969,6535.484861000001,5886.115820000001,5.97
15.0,46.9,18.6,4602.78146,11440.26000000164,7276.9546681,5869.44914,3.59
14.6,42.8,12.2,3850.00308,11580.300000000745,7385.390964,5866.67136,8.0
11.5,64.8,15.4,4908.337260000001,11361.589999997988,5081.8523538,5780.56018,4.19
4.4,85.9,23.2,7480.561540000001,10061.090000001714,4677.4142772000005,5555.56,3.52
7.9,64.8,12.0,6000.004800000001,9801.490000000224,4803.4348373,5400.004320000001,4.17
10.6,59.3,10.5,5000.004000000001,11375.4199999962,5087.7137752,5413.89322,4.82
13.1,54.7,11.7,3738.8918800000006,11626.80000000447,9363.6206865,5583.337800000001,5.63
14.4,56.0,8.2,3227.78036,11363.269999995828,7142.141975900001,5647.22674,6.08
18.0,45.7,7.6,2300.00184,11479.860000001267,7487.965838500001,5608.337820000001,4.49
18.0,57.1,14.4,2063.89054,10835.490000000224,5263.5564172,5411.1154400000005,7.11
14.3,69.7,17.3,4069.4477,10174.270000001416,4920.6632653,5425.00434,3.59
15.4,53.6,13.3,3208.3359000000005,9968.269999999553,8912.291238700001,5372.22652,5.93
15.5,56.9,10.1,2855.55784,11111.859999999404,8487.3381872,5391.670980000001,5.93
15.9,61.0,14.5,2119.44614,10989.039999999106,4791.7119945,5655.56008,8.27
15.6,65.9,14.3,10683.341880000002,11168.780000001192,5134.6051464,5727.782360000001,7.49
10.2,72.7,23.8,1430.5567,11238.609999999404,5486.2904304,5705.56012,1.92
7.9,74.2,20.5,286.11134000000004,11089.429999999702,5193.2193604,5675.00454,4.27
8.9,87.4,22.8,241.66686,9913.099999999627,5363.200581000001,5638.893400000001,6.34
13.2,63.8,21.2,213.88906000000003,9728.020000001416,7593.471423700001,5669.44898,3.42
12.9,71.2,11.9,316.66692,11324.699999999255,5304.586367000001,5780.56018,0.5
13.0,60.0,12.8,136.11122,11268.150000000373,5366.1312917,5747.226820000001,2.43
12.7,63.7,13.5,76.39,11099.48999999836,5377.854134500001,5825.0046600000005,5.35
14.5,61.6,9.7,16.66668,11301.880000002682,6101.739677400001,5819.4491,47.68
12.6,85.5,13.0,213.88906000000003,10870.599999999627,5782.292211100001,5841.671340000001,27.93
13.8,53.6,11.0,730.55614,9837.339999999851,11037.056496199999,5805.5602,1.58
14.7,44.0,19.7,227.77796,9710.559999998659,9410.5120577,5852.78246,5.86
14.9,56.5,8.6,1058.33418,9923.480000000447,9152.609516100001,5847.226900000001,0.5
14.2,58.8,17.8,1144.4453600000002,10977.51000000164,8408.34006,5794.44908,1.62
11.3,66.5,9.4,566.6671200000001,11361.969999998808,8163.895420000001,5900.00472,2.74
12.0,71.9,9.7,391.66698,11710.330000001937,7947.22858,5925.00474,9.4
9.7,90.1,11.8,466.66704000000004,11413.429999999702,4488.89248,5925.00474,6.24
10.8,82.9,10.0,355.55584000000005,9712.25,7883.33964,5911.11584,1.61
14.7,78.1,15.0,461.11148000000003,9608.890000000596,8336.11778,5988.89368,0.5
13.7,76.6,10.1,630.55606,11225.569999996573,8750.007000000001,5905.560280000001,4.82
13.9,70.3,11.7,188.88904000000002,10953.190000003204,8161.11764,5952.78254,4.0
14.8,76.8,13.3,1372.2233200000003,11441.879999997094,8572.229080000001,8583.3402,2.13
17.9,62.1,11.5,1694.4458,11452.230000000447,9469.452020000002,5952.78254,3.61
17.3,68.5,11.1,1927.7793200000003,11560.420000001788,9650.007720000001,5819.4491,6.89
18.5,59.0,9.6,2147.2239400000003,10201.999999998137,10425.00834,5888.8936,2.88
17.7,65.2,14.0,3247.22482,10091.810000000522,9686.11886,5783.337960000001,5.4
15.9,64.8,13.6,2861.1134,11523.449999999255,8713.89586,5797.226860000001,5.4
15.9,60.5,7.8,3116.6691600000004,11881.240000000224,9072.22948,5913.89362,7.92
14.4,76.0,9.2,1041.6675,12032.620000002906,8050.006440000001,5983.33812,4.08
15.5,63.3,9.6,2400.00192,12113.909999998286,8408.34006,5947.22698,4.58
14.0,53.8,18.8,705.5561200000001,11788.73999999836,4952.781739999999,6738.894280000001,3.79
11.3,60.9,18.9,1333.3344,10201.86000000313,4955.559520000001,5838.89356,9.16
12.9,80.8,15.5,1900.00152,10177.059999996796,8219.45102,5808.33798,6.72
14.9,68.9,14.5,6077.78264,11174.85000000149,8625.0069,5675.00454,6.72
17.7,63.8,8.4,6955.56112,11819.919999999925,10341.674939999999,5641.67118,4.27
22.6,54.0,9.8,13594.455320000001,11851.38000000082,9666.6744,7438.894840000001,7.09
19.2,42.3,24.5,12447.23218,11790.160000000149,10786.11974,5677.782320000001,6.02
19.1,35.1,24.7,7866.672960000001,11581.539999997243,10275.008220000002,7877.78408,10.06
18.9,47.0,10.3,7713.895060000001,10057.57000000216,10702.78634,5769.44906,4.34
18.7,43.5,18.3,8580.56242,9973.339999997988,8436.11786,5797.226860000001,4.89
16.8,48.5,14.4,8397.22894,11375.130000002682,8936.118260000001,5713.89346,0.59
16.5,59.5,10.5,8188.895440000001,11786.990000000224,9691.674420000001,5644.448960000001,4.4
17.0,65.4,12.7,7691.672820000001,11651.400000000373,9069.4517,6616.671960000001,5.2
17.8,61.5,12.1,10858.342020000002,11690.199999999255,10536.119540000002,5747.226820000001,8.77
18.1,69.1,12.4,9100.00728,11617.009999999776,10419.45278,5791.671300000001,5.08
21.3,46.6,14.0,11391.67578,10220.26000000164,12569.454500000002,5805.5602,4.17
17.5,55.2,14.0,8311.117760000001,10224.39999999851,9125.007300000001,5722.2268,4.65
16.8,54.5,7.6,8108.339820000001,10540.179999999702,9391.674180000002,5697.226780000001,5.13
18.0,53.3,8.6,12336.12098,11662.180000001565,10305.563800000002,5672.2267600000005,0.01
15.5,75.2,13.4,7330.561420000001,11854.249999998137,8208.3399,5802.7824200000005,2.97
15.6,76.8,11.9,9019.45166,11735.22000000067,8894.451560000001,6097.2271,6.09
20.1,59.1,11.0,9769.452260000002,11739.060000000522,10766.67528,6130.560460000001,7.5
13.9,82.3,18.0,3616.6695600000003,10501.089999997988,7172.22796,6063.8937399999995,5.96
11.6,82.1,14.4,2883.3356400000002,10194.519999999553,4613.89258,6011.11592,0.03
12.7,83.1,12.7,2405.5574800000004,11790.420000001788,4736.1149000000005,6022.227040000001,6.77
12.3,89.0,12.9,2372.22412,11903.479999998584,7836.117380000001,5997.22702,9.48
14.4,77.5,7.6,4438.8924400000005,11706.429999999702,8213.895460000002,6061.11596,8.34
15.8,66.4,9.0,7258.33914,11603.330000000075,8225.006580000001,6011.11592,4.4
18.0,49.5,12.2,7936.11746,11027.580000001937,9608.341020000002,6075.004860000001,12.15
12.1,74.4,17.7,2780.55778,10153.059999996796,5219.44862,6072.227080000001,4.42
12.0,55.8,9.1,2755.55776,9859.390000002459,8563.89574,6019.449260000001,0.09
16.7,51.5,11.2,6597.227500000001,11613.199999997392,9361.118600000002,6102.78266,0.11
13.3,66.8,11.9,4883.33724,10937.280000004917,7675.00614,6016.671480000001,13.29
16.9,59.0,15.5,8433.34008,11512.319999998435,9536.11874,6100.00488,4.17
20.7,48.5,14.0,10377.78608,11635.36999999918,10027.785800000001,6183.338280000001,5.42
16.4,65.7,12.5,7622.228320000001,11066.889999998733,8744.45144,6113.893780000001,3.74
16.4,72.8,14.4,10311.11936,10449.890000002459,8013.895300000001,6105.56044,8.75
15.6,64.2,10.2,7658.339460000001,9958.259999999776,8450.00676,5980.560340000001,0.06
12.1,70.6,9.1,2438.89084,11429.509999999776,4466.6702399999995,6013.8937,0.02
12.0,59.4,11.9,2525.0020200000004,10932.029999997467,7158.33906,6061.11596,3.8
13.4,54.5,9.3,1900.00152,11003.339999999851,8030.56198,5663.89342,9.6
14.7,58.2,13.6,2305.5574,10335.780000003055,7161.116840000001,5802.7824200000005,3.92
14.6,51.4,14.7,4758.33714,10272.259999999776,7191.672420000001,5777.782400000001,4.04
13.1,67.3,8.2,3902.7809000000007,9580.469999998808,7055.5612,5869.44914,3.12
12.0,85.6,8.3,2888.8912000000005,9512.679999999702,7191.672420000001,5858.33802,5.16
12.9,89.2,11.3,3102.78026,9573.500000001863,7397.22814,5872.226920000001,0.01
14.5,68.4,12.5,6347.2273000000005,11065.329999998212,7747.22842,5927.782520000001,0.05
15.9,55.9,6.7,8447.22898,10424.769999999553,9433.340880000002,5883.338040000001,3.18
17.4,53.2,13.5,8683.34028,11038.929999999702,9077.78504,5861.1158000000005,9.79
15.2,64.5,10.0,8377.78448,10562.060000000522,7977.78416,5833.338000000001,8.92
13.9,67.5,12.2,6775.00542,10327.320000000298,7608.339420000001,5905.560280000001,3.36
16.7,67.6,13.4,9180.562899999999,9958.770000001416,8936.118260000001,5883.338040000001,0.55
13.9,77.2,12.7,3275.00262,11002.429999999702,4880.55946,5869.44914,5.85
9.3,90.3,12.2,3213.8914600000003,12016.599999999627,4983.337320000001,5847.226900000001,5.08
7.3,87.9,10.0,3861.1142000000004,11719.779999997467,5411.1154400000005,5786.11574,6.81
9.6,78.5,12.9,3044.4468800000004,11666.800000000745,5719.44902,5777.782400000001,6.87
12.6,62.5,10.2,6525.00522,10706.11000000313,9472.229800000001,5791.671300000001,12.27
13.7,54.8,11.4,5816.67132,9563.429999995977,7944.4508000000005,5802.7824200000005,8.82
13.6,52.1,9.5,7102.783460000001,9309.900000002235,7500.006,5702.782340000001,0.94
16.8,42.5,16.7,7936.11746,11202.809999998659,8105.562040000001,5733.337920000001,0.98
13.8,66.8,11.2,5300.00424,12107.019999999553,7008.338940000001,5672.2267600000005,12.81
12.1,70.7,9.2,2663.89102,11892.480000000447,4269.44786,5725.00458,8.95
10.2,71.9,7.1,3025.0024200000003,12468.960000002757,4580.55922,5808.33798,9.24
10.7,75.3,9.6,2747.2244200000005,11977.570000000298,5222.2264000000005,5763.8935,15.14
10.4,73.1,12.1,2638.891,10708.439999997616,5216.670840000001,5619.44894,20.3
11.2,65.4,7.1,2791.6689000000006,10301.940000001341,8894.451560000001,5688.893440000001,4.85
15.2,43.9,13.1,5772.226840000001,11865.450000001118,8097.228700000001,5772.226840000001,3.43
12.6,56.4,12.2,2500.0020000000004,12448.27999999933,3936.1142600000003,5708.3379,13.35
10.6,52.5,12.7,2694.4466,12502.379999998957,4955.559520000001,5636.1156200000005,28.2
10.4,41.4,11.2,2305.5574,12847.539999999106,4888.8928000000005,5763.8935,28.22
6.7,71.4,15.6,3041.6691,12128.849999999627,4783.33716,5775.004620000001,37.41
2.0,82.6,20.0,4422.22576,10306.710000000894,4372.22572,5669.44898,33.51
-2.3,84.9,15.3,4127.78108,10108.23999999836,3983.3365200000003,5563.8933400000005,25.33
-2.4,93.0,20.0,4741.67046,12006.0800000038,3947.2253800000003,5561.11556,22.48
-2.4,84.0,11.3,4733.33712,12752.669999998063,4241.67006,5613.89338,39.08
-2.3,75.2,8.7,4325.003460000001,12622.48999999836,4636.3843274,5644.448960000001,43.27
1.1,71.5,6.8,3002.78018,12898.150000000373,4659.830013000001,5677.782320000001,58.95
3.0,69.1,7.3,2838.8911600000006,12399.700000001118,4697.929252100001,5569.4489,58.2
6.3,49.1,13.4,2486.1131,10750.810000000522,4917.732554600001,5358.33762,60.56
9.0,34.3,23.5,2152.7795,10549.330000000075,4568.9779813000005,5497.22662,54.39
10.8,31.9,21.9,2105.55724,12220.840000001714,4782.9198624,5597.2267,61.83
9.9,42.8,19.0,2080.55722,13012.229999996722,5061.337378900001,5402.7821,64.97
-3.7,88.8,24.2,4816.670520000001,12386.060000002384,4501.5716352,5297.226460000001,69.84
-6.0,62.9,12.1,4647.22594,12580.620000001043,4287.6297541,5161.11524,69.44
-4.7,64.8,5.7,4252.781180000001,12129.39999999851,4633.453616700001,5100.004080000001,75.76
-1.4,63.5,8.1,3908.3364600000004,11174.52999999933,4636.3843274,5250.0042,72.25
2.2,64.0,6.2,2975.0023800000004,11037.60000000149,4586.5622455,5266.670880000001,63.03
4.1,72.7,8.5,2608.3354200000003,11432.439999999478,4507.433056600001,5258.33754,64.37
2.2,75.4,18.8,3436.11386,13264.089999999851,4536.7401636,5336.11538,70.32
2.2,75.9,14.7,3850.00308,12797.030000001192,4659.830013000001,5352.7820600000005,76.57
10.9,42.9,11.3,1847.2237000000002,13187.859999999404,5073.0602217,5322.22648,77.14
8.2,46.5,17.8,1991.6682600000001,12787.819999998435,5371.9927130999995,5494.448840000001,76.2
5.2,45.2,16.3,2225.00178,11398.419999999925,4864.979762000001,5572.22668,79.92
3.2,56.1,9.0,2708.3355,11241.060000002384,4387.273917900001,5588.893360000001,70.32
-0.1,64.1,7.6,3275.00262,12761.379999998957,4448.818842600001,5527.7822,71.7
3.4,51.0,12.4,2950.00236,13274.230000000447,4525.017320800001,5480.55994,77.94
4.4,63.8,15.1,2522.22424,13002.789999999106,4782.9198624,5447.2265800000005,84.31
2.2,55.8,24.4,3147.22474,12903.790000000969,4645.1764595,5391.670980000001,79.5
8.0,47.8,15.8,2355.5574400000005,12603.889999998733,4947.0396616,5311.115360000001,80.3
8.3,54.0,29.0,2072.22388,11503.459999999031,4917.732554600001,5438.89324,79.03
-1.7,63.5,27.8,3797.22526,11273.190000001341,4668.6221451,5527.7822,81.3
-1.5,55.8,18.9,3708.3363000000004,12504.079999998212,4560.1858492,5508.33774,77.18
-9.6,75.5,29.3,5527.7822,13023.640000002459,4431.2345784,5511.11552,82.41
-10.9,60.4,8.7,5191.67082,12836.149999996647,4598.2850883,5466.67104,91.35
-1.0,48.5,7.2,3936.1142600000003,12984.710000000894,4483.987371,5447.2265800000005,91.98
0.8,62.7,16.9,3469.4472200000005,12333.720000002533,4346.2439681000005,5463.893260000001,87.35
0.6,48.8,6.3,3263.8915,11330.359999999404,4390.2046286,5530.55998,89.77
3.2,64.7,7.4,2916.6690000000003,11490.5,4337.451836,5527.7822,83.73
0.9,87.8,12.8,3758.3363400000003,12333.61999999918,4510.3637673,5405.559880000001,92.4
-1.6,89.5,9.8,4100.00328,12755.51000000164,4413.6503142,5519.44886,92.01
-4.9,87.2,18.1,5177.78192,12195.869999997318,4231.946250800001,5511.11552,94.28
-11.5,80.6,9.8,5313.89314,12458.51000000164,4360.897521600001,5505.5599600000005,93.07
-1.5,58.9,8.7,4247.22562,11990.669999998063,4243.6690936,5605.56004,95.18
8.2,64.6,12.0,2344.44632,10968.080000001937,4413.6503142,5177.78192,94.26
-5.3,88.6,14.1,4575.00366,9949.219999998808,4141.0942191,5372.22652,89.18
-14.0,81.6,9.8,6255.56056,10311.699999999255,4094.2028479000005,5505.5599600000005,89.2
-6.9,60.1,9.8,3988.89208,11809.850000003353,4340.382546700001,5430.5599,95.52
3.1,68.1,12.3,3300.0026400000006,11782.109999995679,4390.2046286,5511.11552,92.2
3.9,55.8,10.0,3197.22478,11675.190000003204,4545.5322957,5461.11548,90.13
1.7,61.7,7.5,3230.5581400000005,11651.229999998584,4463.472396100001,5486.115500000001,89.56
7.3,49.4,15.0,2536.1131400000004,10332.859999999404,4144.024929800001,5436.115460000001,95.22
3.8,59.3,8.9,2775.0022200000003,10545.509999999776,4196.7777224,5505.5599600000005,87.91
9.5,43.2,23.8,1730.5569400000002,11970.370000001043,4343.3132574,5422.22656,87.64
3.9,48.2,10.7,2436.11306,12593.860000001267,4366.758943000001,5372.22652,92.92
-0.7,92.3,10.2,3811.1141600000005,12241.92999999784,4715.5135163,5355.559840000001,98.78
-5.5,84.4,8.0,4663.8926200000005,12368.549999998882,4653.968591600001,5372.22652,92.9
-4.1,75.0,5.5,4027.7810000000004,12034.60000000149,5023.238139800001,5488.893280000001,92.81
3.2,52.5,13.7,3050.00244,11024.85000000149,4733.0977805,5469.4488200000005,95.86
7.2,48.0,19.5,2244.44624,11023.11999999918,4615.8693525,5430.5599,93.27
2.6,60.1,15.6,2733.33552,12102.689999997616,4812.226969400001,5422.22656,88.32
-2.7,65.7,10.1,3886.1142200000004,12345.640000000596,4583.631534800001,5422.22656,93.92
-5.8,83.6,10.9,5286.11534,11999.76000000164,4472.2645282,5388.8932,95.01
-12.7,81.2,21.6,6100.00488,12140.789999999106,4527.9480315,5336.11538,100.74
-15.2,80.8,9.5,5188.89304,11773.540000000969,4425.373157,5288.89312,95.3
-18.4,78.6,4.4,3572.22508,10071.610000001267,4308.144729,5283.33756,96.11
-15.8,80.0,8.3,3183.3358800000005,10546.89999999851,4431.2345784,5316.6709200000005,89.93
-3.3,52.3,10.5,2872.22452,11856.139999998733,4161.609194,5366.67096,95.28
2.2,44.7,24.7,2463.89086,12215.640000002459,4328.6597039,5425.00434,95.55
4.4,52.0,10.5,2283.3351600000005,11932.320000000298,4472.2645282,5447.2265800000005,100.12
-5.1,85.3,12.9,3169.44698,11853.52999999933,4460.5416854000005,5438.89324,95.48
-6.9,81.3,7.4,3713.89186,11509.569999998435,4548.4630064,5352.7820600000005,101.54
-6.6,69.2,6.2,3494.4472400000004,10912.260000003502,4366.758943000001,5297.226460000001,97.79
-6.0,83.6,16.1,3213.8914600000003,10046.659999998286,4305.2140183,5383.33764,91.45
-11.6,82.6,8.7,4644.44816,11529.529999997467,4410.719603500001,5355.559840000001,92.48
-5.7,79.5,11.0,4133.33664,11651.47000000067,4536.7401636,5380.55986,101.4
-6.7,84.7,9.1,4100.00328,11448.0,4501.5716352,5402.7821,96.7
-9.6,90.8,6.7,4216.67004,11652.609999999404,4428.3038677,5372.22652,99.12
-9.8,89.3,8.9,4030.5587800000003,11115.860000001267,4510.3637673,5391.670980000001,94.32
-13.0,87.2,9.6,4486.1147,10773.740000000224,4478.1259496,5350.004280000001,99.4
-8.6,87.8,5.4,3908.3364600000004,9996.229999998584,4322.7982825,5344.44872,92.69
-10.0,76.9,6.6,4300.00344,11916.549999998882,4563.1165599000005,5341.670940000001,92.1
-2.9,44.5,19.7,3697.2251800000004,11615.940000001341,4598.2850883,5355.559840000001,97.36
2.9,50.6,17.0,2258.3351400000006,12200.3300000038,4906.0097118,5416.671,100.1
1.5,62.4,13.6,2822.2244800000003,12122.699999997392,4568.9779813000005,5413.89322,96.14
-0.4,53.4,12.4,2661.11324,11943.259999997914,4598.2850883,5400.004320000001,97.58
0.9,74.8,12.7,3027.7802,10644.040000000969,4563.1165599000005,5391.670980000001,100.89
-1.0,97.5,8.3,3150.00252,10491.240000000224,4779.9891517,5430.5599,98.08
-2.7,93.1,9.0,3552.78062,11007.770000001416,4595.354377600001,5416.671,94.17
-4.9,93.0,7.2,3813.8919400000004,10667.830000000075,4589.492956200001,5450.004360000001,94.28
-11.3,90.2,5.8,3913.8920200000002,10542.709999997169,4709.6520949000005,5391.670980000001,93.32
-11.9,88.1,3.0,3472.2250000000004,10536.67000000365,4715.5135163,5355.559840000001,98.32
-10.4,69.4,9.1,3080.5580200000004,10697.26999999769,4636.3843274,5333.3376,94.15
-2.7,47.9,19.2,3169.44698,10363.86999999918,4457.610974700001,5344.44872,93.9
-9.1,66.8,8.1,3830.5586200000002,10287.040000002831,4445.8881319,5327.78204,93.82
-4.0,78.3,7.3,3608.33622,10634.109999999404,4457.610974700001,5338.89316,98.81
-3.1,67.9,9.7,3400.0027200000004,10635.849999999627,4319.8675718,5344.44872,94.4
4.6,49.5,28.6,2688.89104,10564.85000000149,4308.144729,5363.89318,94.9
-0.8,82.8,8.0,3202.7803400000003,10564.859000001103,4070.7571623000003,5330.55982,94.79
-3.7,65.5,13.0,3305.5582000000004,11028.640999998897,4548.4630064,5450.004360000001,103.25
-2.7,54.4,11.2,3019.44686,11144.51099999994,4949.9703723,5391.670980000001,97.76
1.2,53.1,21.0,2952.7801400000003,10580.747999999672,4753.6127554,5416.671,95.5
-3.4,48.6,9.6,3122.22472,10386.317000001669,4618.8000632,5466.67104,95.29
-5.6,66.5,11.9,3408.33606,11381.21299999766,4967.5546365,5411.1154400000005,102.94
-10.2,89.0,8.9,4383.33684,11853.51800000295,4504.5023459,5355.559840000001,98.26
-10.1,87.4,13.9,4127.78108,12073.234999997541,4803.4348373,5341.670940000001,97.95
-15.6,74.5,12.3,4538.89252,12024.198000002652,4545.5322957,5330.55982,97.51
-14.0,76.7,8.7,3258.3359400000004,12186.82899999991,4548.4630064,5286.11534,103.69
-18.0,75.5,16.9,4102.78106,10661.121000001207,4287.6297541,5261.115320000001,95.44
-23.3,66.3,18.4,3475.0027800000003,10485.14499999769,4396.06605,5191.67082,95.33
-26.7,65.5,9.2,2141.66838,12330.01600000076,4568.9779813000005,5205.55972,99.45
-30.4,69.6,5.6,2611.1132000000002,12876.020999999717,4331.5904146,5033.33736,105.67
-30.2,69.8,8.4,2972.2246,12178.555999999866,4516.2251887,5205.55972,99.86
-28.8,69.9,11.4,2961.1134800000004,12826.129999998957,4829.8112336,5177.78192,100.11
-25.4,63.4,14.9,2936.1134600000005,12413.016999999061,4507.433056600001,5238.89308,100.3
-23.3,69.2,9.5,2661.11324,10729.993000002578,4507.433056600001,5161.11524,98.93
-9.7,66.2,10.8,2230.55734,10576.273999998346,4648.1071702,5219.44862,94.46
1.9,62.7,10.0,1983.33492,12850.972000000998,4633.453616700001,5391.670980000001,100.97
-0.3,66.0,8.7,2225.00178,13098.979000002146,4665.691434400001,19247.237620000004,102.14
1.4,46.4,15.3,2200.00176,12557.514999998733,4838.603365700001,5361.115400000001,109.96
-0.7,59.1,9.6,1983.33492,13003.770999997854,4712.5828056,21913.906420000003,52.09
4.5,59.3,13.9,1638.8902000000003,12225.237000003457,5002.7231649000005,5402.7821,4.88
3.4,50.7,11.4,1547.2234600000002,11143.435999998823,4768.2663089,5416.671,4.81
-3.5,73.9,6.8,2202.77954,10401.41399999708,4785.8505731,5391.670980000001,4.73
1.6,49.4,13.1,1958.3349,12511.291000002995,4906.0097118,5405.559880000001,2.5
-2.0,58.3,6.9,2444.4464000000003,13304.709999999031,5099.436618,7180.561300000001,2.61
-2.8,63.1,10.7,1975.0015800000003,12817.26099999994,4806.365548,5400.004320000001,5.4
1.6,47.8,16.6,2094.44612,13271.322999998927,5401.2998201,7972.2286,25.41
2.7,58.2,13.5,1788.8903200000002,12688.293999999762,5301.6556563,5411.1154400000005,21.99
3.6,74.3,22.7,1930.5571000000002,10866.414999999106,4894.2868690000005,5336.11538,0.03
-6.2,64.5,12.3,2291.6685,10569.054000003263,4738.959201900001,5347.226500000001,0.28
-9.7,73.3,13.2,3319.4471,12484.24799999781,4949.9703723,5322.22648,11.59
-9.0,61.3,17.1,3377.7804800000004,13299.983000000939,4574.8394027,11516.67588,6.51
0.6,48.3,21.0,2505.55756,13047.112999999896,4803.4348373,5291.670900000001,9.8
-0.9,54.6,11.8,1111.112,13076.141999999061,5119.9515929,13811.12216,6.34
-4.4,71.0,9.1,1041.6675,12596.071999998763,4894.2868690000005,5275.00422,9.91
-6.3,84.3,12.7,2294.44628,10847.91200000234,4598.2850883,5269.44866,0.01
-3.9,66.2,18.4,3058.3357800000003,10652.12799999863,4694.9985414,5261.115320000001,0.56
-4.3,58.8,12.9,3783.3363600000002,12813.126000002027,4648.1071702,5280.5597800000005,3.69
0.1,65.7,24.0,3938.89204,13176.630999997258,4935.3168188,7997.228620000001,13.2
-11.4,84.9,14.5,7466.672640000001,12888.132000001147,5087.7137752,5183.33748,5.5
-4.4,68.1,15.7,6638.8942,13253.63000000082,5202.011492500001,8661.118040000001,7.39
-4.4,82.0,6.9,6605.560840000001,12353.320000000298,5119.9515929,5316.6709200000005,5.79
-3.9,70.2,14.6,7197.227980000001,10682.86499999836,5023.238139800001,5336.11538,4.97
-4.3,71.5,7.0,8016.6730800000005,10446.878000002354,4970.4853472,5316.6709200000005,0.12
-12.1,78.5,12.0,12425.00994,10865.281999999657,5184.427228300001,5297.226460000001,0.05
-14.0,78.3,9.3,13127.78828,11933.930999999866,4935.3168188,5263.8931,6.22
-8.3,64.7,5.9,11933.342880000002,12108.974000001326,4926.5246867,5261.115320000001,9.05
-1.1,43.9,15.9,8602.784660000001,12174.034999998286,4920.6632653,5261.115320000001,1.93
3.3,29.5,20.8,7030.561180000001,12187.398000000045,4809.2962587,5277.782,1.32
0.7,58.6,16.9,8058.339780000001,10927.231999998912,4803.4348373,5266.670880000001,0.6
-5.0,83.0,10.6,10627.78628,10834.636000001803,4944.1089509,5258.33754,6.94
-5.4,80.8,11.9,11869.45394,12822.88899999857,4797.5734159,5377.78208,4.92
-7.6,73.2,6.4,13219.455020000001,13516.859999999404,4917.732554600001,12361.121000000001,11.24
1.7,51.8,14.1,9230.56294,13299.38000000082,5032.030271900001,6113.893780000001,8.93
4.3,41.5,24.3,7711.117280000001,13544.74499999918,5058.406668200001,13175.010540000001,11.71
4.5,55.0,10.6,6983.338920000001,12851.661000000313,5105.298039400001,8200.00656,7.53
1.4,64.7,28.5,9141.67398,10944.815000003204,4771.197019600001,5350.004280000001,0.46
-3.0,65.5,16.5,10652.786300000002,10665.456999996677,4662.7607237,5355.559840000001,2.3
3.1,39.8,22.3,8358.340020000001,12818.847000000998,4818.0883908000005,6080.560420000001,10.3
2.6,46.2,22.5,8486.117900000001,13322.164999999106,5046.6838254,15452.790140000001,11.18
0.6,50.5,24.6,10202.78594,12976.91800000146,5125.8130143,7255.561360000001,7.32
-0.8,54.4,9.0,10397.23054,13098.939999999478,5369.062002400001,15975.012780000001,7.93
-0.8,71.9,13.8,10833.342,12544.83199999854,5070.129511000001,7822.228480000001,10.38
-11.2,82.2,17.2,16522.23544,10475.023000001907,4785.8505731,5363.89318,0.02
-13.1,76.3,9.0,16952.79134,9940.560000000522,4275.9069113000005,5116.670760000001,1.1
-6.8,53.7,8.4,15483.345720000001,12203.246999999508,4947.0396616,7927.78412,5.78
-0.3,38.8,15.5,11861.120600000002,12812.335000000894,4958.762504400001,11908.34286,18.1
-0.4,54.1,14.0,11316.675720000001,12467.34500000067,4818.0883908000005,8000.006400000001,12.68
-3.5,68.6,12.8,14130.56686,12603.199999997392,4976.3467686,12894.45476,5.05
-16.1,77.9,23.2,22444.4624,11045.898000000045,4448.818842600001,5330.55982,1.82
-20.3,73.9,20.1,21675.017340000002,10157.553000001237,4548.4630064,5200.00416,4.92
-17.8,64.3,5.6,19347.2377,10085.257999997586,4671.5528558000005,5163.89302,0.05
-5.7,60.6,7.8,14450.011560000003,11636.731000002474,4513.294478000001,5150.0041200000005,2.59
-3.1,65.0,19.3,12866.67696,11153.095999998972,4671.5528558000005,5172.226360000001,3.33
-8.8,85.8,11.6,16864.244046940003,10997.246000000276,4621.3439200876,5012.765121320001,7.86
-10.4,83.9,13.9,17733.347520000003,10841.39600000158,4519.155899400001,5044.44848,0.61
-6.4,70.7,9.6,15638.9014,10678.09299999848,4507.433056600001,5133.33744,0.07
-2.2,64.4,11.3,12547.23226,10537.881000002846,4501.5716352,5169.44858,0.01
-0.3,69.5,11.0,12061.120760000002,9962.035999996588,4369.6896537,5363.89318,4.9
0.1,72.6,12.2,11244.45344,9936.919999999925,4372.620364400001,5380.55986,2.34
-4.1,84.4,14.0,13883.34444,10271.281000003219,4542.601585,5330.55982,0.08
-4.8,70.5,11.6,13986.1223,10056.08699999936,4548.4630064,5347.226500000001,0.04
0.6,45.4,22.3,11636.120420000001,9894.771999996156,4548.4630064,5358.33762,5.18
3.4,44.0,16.6,9261.118520000002,9843.957000000402,4525.017320800001,5366.67096,0.07
0.8,69.0,12.8,10555.564,9850.717000000179,4314.0061504000005,5375.0043000000005,0.02
4.3,58.3,17.3,8566.67352,9557.298000000417,4513.294478000001,5347.226500000001,0.01
-5.9,91.5,16.3,15133.345440000001,9496.264000000432,4226.084829400001,5341.670940000001,7.02
-10.8,71.3,22.1,18291.6813,9963.51099999994,4372.620364400001,5344.44872,0.13
-13.2,62.8,16.6,20136.282775680003,9805.223999997601,4462.824709035301,5281.4764474,0.38219
-11.5,72.3,10.8,19079.084707700003,9784.682000001892,4422.8029237161,5273.337552000001,0.6175
-9.5,80.6,14.5,18484.864787880004,9806.111999999732,4433.933762954701,5379.27652564,5.02346
-8.3,75.3,12.9,17535.866806460002,9458.793999999762,4446.600294600101,5383.143195400001,0.01301
-6.1,91.8,15.8,16394.221448700002,9415.597000000998,4332.3113694322,5454.64603038,0.02355
-1.7,72.8,14.0,13206.0800093,9894.832999998704,4546.2298048466,5413.898775560001,0.02501
-1.0,68.6,14.3,13085.291023780002,9990.354000000283,4521.3480710036,5430.398788760001,5.06391
-0.5,46.9,12.0,12339.3015381,9853.621999999508,4486.7568926115,5478.01271574,0.07206
3.8,52.5,13.1,9669.604957900001,9651.015000000596,4584.490233035101,5485.534943980001,0.03762
-0.1,82.4,14.9,11680.817677980001,9937.575000001118,4226.4921981873,5436.85990504,0.07617
-5.6,67.9,17.7,15489.856836320001,9576.48900000006,4447.0985154191,5417.0821114400005,5.05951
-6.1,69.4,17.1,16289.39636484,9530.833000000566,4574.4203110699,5385.64597518,0.01731
-3.0,57.6,9.4,14672.90896054,9780.54699999839,4566.6978883754,5377.0487460800005,0.61471
2.6,76.8,17.3,10815.003096440001,9945.191999999806,4558.7146324286,5435.323792700001,0.03934
-0.9,84.7,19.7,12843.101941140001,9896.514000000432,4554.802133644101,5460.348812720001,5.06945
2.2,53.9,7.9,11179.79783272,9913.307000001892,4712.9432830161,5455.0876974,0.04142
7.1,54.2,20.3,8445.2012006,9893.923000000417,4512.731781545601,5489.729391780001,0.20183
1.6,79.1,13.8,10858.889242660001,9629.141999997199,4635.50511419,5488.373835140001,0.01992
6.6,50.8,10.5,8714.154193540002,9449.620000001043,4978.5623858891995,5537.726652400001,5.06141
12.2,34.5,16.1,6958.51112236,9811.043999999762,6577.942066910901,5584.807245620001,1.23388
13.8,30.6,25.5,5885.443597240001,9691.806999998167,5081.424470037799,5621.135052460001,0.14666
8.5,52.5,11.0,6510.50243062,9863.153000002727,4674.5920027959,5636.8239539,0.06908
6.9,54.8,12.3,7312.0336274,10030.252000000328,4612.630917176501,5638.110066040001,5.3295
8.0,41.9,12.0,7750.392311420001,9839.249999998137,4444.2850331471,5616.4461598200005,0.11716
9.0,37.9,16.0,6928.36943158,9558.99400000088,4526.236496451201,5650.51007596,0.0179
9.5,31.3,20.6,6564.924696380001,9590.689999999478,4480.1833085114,5621.6989418,0.03459
9.2,37.5,17.8,6695.444245240001,9850.957000000402,4588.4701381657005,5607.95726414,5.07686
9.6,32.9,13.8,7314.580851660001,9912.156999997795,6539.9043727356,5626.83227924,0.67289
13.4,37.5,14.7,14135.347419380001,9562.785000002012,8271.192411653601,5668.31842354,0.16231
11.8,52.7,16.9,6010.913142060001,9591.89499999769,4449.3580933688,5604.112816620001,0.26227
8.0,50.5,7.5,7003.88893644,9978.03800000064,4463.0679580234,5635.01561912,5.24919
10.3,38.2,11.2,6364.8800919000005,9538.012000001967,4515.4075204147,5673.78787236,0.01441
7.9,59.9,17.0,6929.05554324,9554.626999998465,4532.6166536451,5719.47402002,0.06177
3.9,80.1,19.6,9079.143374420002,10038.758000001311,4594.3022524587,5600.09336896,0.05638
8.1,58.7,11.5,7533.21991546,9879.503999998793,4849.8953940271,5474.540490740001,6.2204
8.8,60.5,14.4,6915.469421260001,9944.638000000268,4728.452604040501,5562.776672440001,0.77108
10.5,63.0,13.3,6421.160692480001,9780.468000002205,4676.309399266101,5641.254513,0.02984
6.3,78.9,24.0,8044.811991400001,10310.883999999613,4569.320874451901,5615.2072699400005,0.08081
6.6,58.0,14.1,8365.46780348,9833.195000000298,4561.970652016301,5596.4600327200005,5.17668
3.5,63.3,14.9,9782.499492660001,9573.256999999285,4718.2127008547,5578.076684680001,0.0159
3.6,52.9,13.8,9662.52995224,10003.753000000492,4739.8853064812,5565.515563520001,0.07947
5.4,45.5,18.6,8591.009650580001,10286.702999997884,4702.5040915027,5545.99332568,0.09117
7.1,47.5,7.1,7756.061760400001,10119.699999999255,4804.363872591901,5541.2099885200005,5.80778
9.3,43.8,18.9,6398.344007560001,9905.557000003755,5318.6801547563,5547.84610494,0.0356
9.3,52.1,10.3,7430.4087221,9770.534999998286,9503.987075476502,5604.218372260001,0.20506
12.8,44.3,10.0,14636.089486640001,9180.629999998957,7930.9691372013,5678.76287634,0.07208
14.4,41.2,8.0,18308.725758080003,8891.001000002027,8190.7092344102,5772.8657294,5.10872
13.5,54.8,11.2,14677.570075380001,9136.752000000328,7192.872578117001,5754.46849246,0.00441
10.7,72.8,14.0,6597.502500220001,9660.928999997675,4690.8427936274,5719.04346412,0.0274
9.1,86.8,9.0,6495.049640480001,9832.644000001252,4642.1636889004,5635.41561944,0.02097
5.5,89.1,28.3,8611.96244512,9886.199999999255,4563.6411571153,5603.5767050800005,5.06412
4.2,88.8,11.0,9620.141029440001,9841.395999999717,4583.039531238601,5630.154504120001,0.7258
8.9,69.2,9.5,7119.57791788,9331.808999998495,5085.723822634701,5631.5739497,0.00243
12.9,49.7,8.4,15529.7068682,9123.085000002757,7917.9567816933,5699.44067066,0.00418
14.6,44.5,11.4,5716.9212402,9238.222000000998,8529.789531689501,5814.73520734,6.95975
10.2,64.0,17.9,8208.03712198,9609.240999998525,4823.099906097001,5787.37407434,0.07771
10.0,49.2,10.3,8441.778975640002,9658.053999999538,4606.2742056682,5741.0879262,0.00971
12.5,48.2,13.0,5248.268087500001,9528.58199999854,8280.7699742212,5790.23240996,0.04357
14.7,50.9,9.4,5512.1571875,9281.487999999896,8344.8382408339,5870.6158076,5.05421
17.9,51.6,18.2,3663.7529310000004,8908.786000000313,9474.753236244002,5863.71580208,0.06966
14.3,79.5,17.8,6611.38306688,9558.123000003397,7821.0850702155,5820.665767640001,0.57961
12.1,58.1,13.2,7863.339624,9474.70699999854,8009.6294123893,5840.30745002,0.02667
13.9,44.6,13.3,5843.235230140001,9850.28200000152,7928.155654929301,5870.35469628,5.68642
12.6,41.3,15.0,7091.075117300001,9321.639999998733,4714.8453142604,5866.80191566,0.08925
10.5,46.6,9.3,6546.08579242,9907.45199999772,4694.048991133201,5822.546324700001,0.39645
11.3,64.0,12.0,6596.994166480001,9799.014000000432,7807.4279583535,5850.0324578,0.1226
13.3,70.2,12.1,5429.990455100001,9178.515999998897,4857.365775601401,5841.257450780001,5.03599
8.6,84.6,27.7,7948.95358138,9419.147000001743,4473.7064378644,5811.9629829000005,0.00703
10.1,67.8,12.9,7303.03917576,9892.837999999523,4700.2357214209005,5822.8102138,0.16138
11.8,49.5,13.5,6100.418769220001,9958.985000001267,7937.443077137601,5865.24913664,0.6637
16.1,38.5,13.5,4257.84785072,9743.286999998614,9470.1256440487,5902.20472176,5.11809
17.2,40.5,13.2,3157.7247484000004,9579.73600000143,9580.0214338773,5912.2547298,0.02864
18.2,50.5,12.7,4045.8337922200003,9717.475999999791,9045.741150424501,5940.59086358,0.69721
14.8,70.6,15.4,6396.4078949,9356.213999997824,8083.8291458919,5878.071369120001,0.0
13.4,62.7,13.5,5785.965739880001,9917.097000000998,4749.272372853301,5871.29080814,4.70324
13.9,44.5,16.9,5302.226464,10300.57300000079,4818.2407877564,5853.240793700001,0.0084
13.0,50.0,13.7,5982.357563660001,9889.83400000073,4765.8719182581,5870.393585200001,0.68384
11.3,77.8,22.9,6802.474886420001,10133.155999999493,5005.1761697559,5884.24915184,1.0243
11.4,76.2,11.5,7212.54188114,10086.108000000939,8706.215385118801,5893.679714940001,5.39161
14.3,64.2,11.1,4655.406502100001,9918.833999998868,8726.777251390002,5913.69084206,0.12322
17.3,62.6,7.7,3008.7218514200003,9986.180999999866,9555.8137634953,5931.5186341,0.0
15.8,72.1,11.2,5895.132493880001,9920.269000001252,8140.6820027612,5891.004712800001,0.15857
17.4,61.5,8.5,3189.3108847800004,10614.655000001192,9778.2136756755,5930.57974446,5.45852
18.5,55.9,8.8,1578.3095959800003,10677.599999999627,8855.7255914793,5853.771349680001,0.00308
15.0,81.3,12.5,6371.98009758,10794.788999998942,7946.519488175501,5736.78514498,0.69649
16.8,66.6,10.2,3464.52777162,10688.99299999699,9292.931944416001,5754.17960334,12.6031
17.6,61.3,12.1,779.8645127800002,10049.889000000432,8575.2507160679,5777.726844400001,18.72637
13.0,76.4,14.7,7654.217234480001,9608.085000000894,4605.9782038875,5717.36290722,0.80024
10.1,85.0,20.6,7497.764331540001,9708.496000001207,4435.1705228701,5604.112816620001,0.0409
12.7,77.7,19.4,6468.9773974,10265.410000000149,4756.4291683827005,5674.3739839400005,5.43387
11.5,93.3,19.8,7140.63904584,11295.827000001445,4883.7832018512,5681.05732262,5.74713
14.0,65.9,15.7,5594.860031440001,10690.833000000566,9081.6247722353,5678.110098040001,0.08267
15.2,49.0,17.4,5220.35695406,10749.913999998942,8689.349145040302,5718.40179694,0.61447
16.7,48.0,11.3,3316.04154172,10725.546000001952,9741.2368987736,5857.48246376,2.66
14.5,60.8,14.5,6834.3665786,10378.61799999699,8456.6302004854,5771.02128348,4.71047
14.2,63.0,8.3,5252.7903133400005,10317.737000003457,8681.395196200501,5620.42671856,0.03228
16.1,63.8,11.8,3761.0391199400005,11091.651999996975,8683.9243995346,5659.36008304,0.75356
13.1,80.9,15.7,8035.48976172,11506.14300000295,7488.625248407501,5668.268423500001,0.21262
13.0,78.0,28.3,7395.517027520001,11357.557999998331,7159.037523085501,5678.07676468,5.10805
15.1,70.2,11.7,4922.787271560001,11054.516999999061,8966.2807912154,5769.5962823400005,1.33889
16.3,60.9,12.5,3799.5308174,11318.25599999912,8953.9102613507,5742.26570492,0.59344
17.8,51.9,11.7,3639.0195778800003,10674.088000001386,7250.754114442001,5739.671258400001,0.53946
15.6,59.5,14.3,3553.2278425800005,10439.564000001177,8551.555920058401,5685.182325920001,4.82569
13.6,52.0,11.8,6504.813537180001,11396.578999998048,7932.496037476,5694.782333600001,0.75529
16.3,41.8,13.9,4290.5867658,11472.903999999166,9423.580096711301,5649.401741740001,0.75914
16.7,57.2,9.8,3978.9976276400002,11348.852000001818,9483.730003118102,5782.682403920001,0.20442
18.4,61.9,14.7,3471.4666660600005,11158.599000001326,11169.1670731346,5761.3657202,5.78025
16.0,65.1,11.7,5185.6263707200005,11106.455000000075,8998.6915208467,5770.78517218,0.33611
15.8,60.0,9.7,4027.92822234,10533.294999998063,9281.2120323267,5796.579637260001,0.2162
15.5,74.5,8.4,6334.243956280001,10259.907999999821,8278.2173252015,5804.7546438,0.14609
16.7,64.4,9.7,3539.9056097000002,11131.908000001684,9844.3568854638,5795.61852538,6.91228
18.5,66.0,10.5,3698.8029590400006,11241.341999998316,10924.5904730875,5807.5240904600005,0.15609
19.4,74.0,11.8,631.86439438,11402.444000001997,10972.5251772967,5795.35741406,0.87071
17.7,82.5,11.9,1959.6432343800002,11503.978999996558,9961.397747979001,5827.437995280001,0.7151
13.0,85.7,12.5,8770.26812732,11569.066000003368,7906.612000573601,5857.438019280001,5.56245
13.7,65.4,8.2,5945.51308974,10947.325999997556,8969.108927040901,5964.55754942,2.825
16.0,61.0,7.7,4344.467364460001,10595.605999998748,9570.807279436502,6013.05203266,0.09102
19.4,59.0,14.6,3724.08075704,11420.172000002116,10353.227907147602,6026.288154360001,0.55346
22.2,59.8,8.8,2177.2295195600004,11563.819000000134,11466.622486341801,6015.288145560001,6.54338
21.5,74.8,13.4,657.0338589600001,11642.561000000685,8253.8807035487,5956.432542920001,0.36609
21.4,74.8,11.1,411.02810660000006,11658.268000001088,12093.539604310901,6000.9909119,2.49971
21.3,73.9,14.1,795.7367477000001,11359.839999996126,15622.8421033645,6026.232598760001,1.6083
20.9,66.4,16.5,631.5171718800001,10688.748000001535,13509.755728004002,5974.229779380001,5.36296
21.9,62.4,11.9,1616.9096268600001,10681.893999999389,14517.4425029599,5952.33531742,0.01989
19.7,61.2,15.6,1101.49254786,11131.650000002235,9767.668978576901,5928.8575208600005,0.40881
17.9,58.9,10.7,4336.55069146,11639.821999998763,11235.251668708901,5939.54364052,0.355
20.7,53.3,13.1,2822.3661467800002,11446.667999999598,12488.4235640289,5942.593642960001,7.63781
20.5,50.2,12.1,2282.4101592600005,11364.815999999642,12751.976515858501,5883.96581828,0.83773
14.4,60.0,21.4,5930.32141092,11354.805000003427,7683.8604031094,5904.27139008,0.86723
15.2,50.9,17.3,6651.444210040001,10632.611999996006,8105.5896728394,5945.215867280001,2.795
13.8,47.0,12.3,6307.17726796,10750.210000002757,7729.7553326714005,5914.0602868000005,4.71998
18.7,43.4,15.4,3535.6056062600005,11365.575999999419,10670.069971635301,5985.81867754,2.53813
15.7,66.0,14.1,4731.626007520001,11536.713999997824,9100.3901128474,5931.50196742,0.91899
13.8,62.6,16.1,6913.82219772,11543.909000001848,7242.8470569734,5940.51030796,1.03787
14.2,52.6,12.4,5876.968590460001,11121.089999997988,8382.3630606367,5954.97976398,5.53083
15.4,49.3,13.7,4416.6979778,11394.075000001118,9023.338797833701,5913.646397580001,0.91476
18.2,53.2,9.7,4094.7866091600004,10653.887000000104,8414.896880117401,5946.615868400001,0.01067
20.6,45.3,9.8,3601.3806588800003,10580.497999999672,12153.1707749238,5990.01034756,0.01905
22.4,44.5,12.7,566.19767518,11513.156999999657,10610.2043441664,5987.515901120001,4.99233
24.0,39.0,10.2,214.23350472,11853.631000000983,12186.0855867955,5988.435346300001,0.31581
19.2,53.4,14.4,612.3060454,11792.966000001878,12470.127137128802,5977.63255988,2.30471
19.5,66.0,12.4,798.46452766,11640.656999999657,11509.182267127202,5918.21862346,1.52964
18.4,60.9,12.1,4403.02296686,11716.02499999851,11608.835223059301,5999.638133040001,6.2557
18.0,46.5,15.3,2249.6934664200003,11019.072000002488,10274.582285513101,5961.1714356,0.52631
15.5,54.8,7.0,4961.70119158,10875.269999999553,8842.364481398,5984.66034328,0.01216
17.3,54.9,14.9,5341.393162,11617.513999996707,10081.703422214001,5940.151974340001,0.22184
15.9,56.3,12.1,5151.015231920001,11742.348000001162,9107.963069296202,5855.301906460001,5.19817
15.7,55.5,8.3,4412.945197020001,11748.35300000012,9835.4152871181,5869.040806340001,0.75065
13.8,64.2,12.9,6768.94430404,11630.362000001594,7997.9270845642,5952.68809548,0.27771
16.7,48.2,9.9,4125.06718894,11640.309999998659,10094.7685305146,5968.074218900001,0.60951
11.6,64.5,18.5,8110.4981550600005,11159.457000000402,4358.3214268947,5915.9213994,4.79548
11.4,56.3,9.2,8142.8120698,10983.63000000082,7617.6263412894,5814.09076238,0.01781
12.9,49.2,12.4,6294.75781358,11713.423999998719,7559.328644045001,5836.393558,0.29009
17.1,44.0,12.2,4175.7811184,11581.926000000909,8999.723131013101,5913.446397420001,0.67798
13.1,64.2,19.8,7450.939294080001,11668.125999998301,7118.2742679592,5666.3239775,5.32621
13.5,58.7,8.6,5188.77915102,11920.70399999991,9326.805098686602,5733.34903112,1.05152
16.2,53.2,9.9,4941.2261752,11528.64699999988,10222.0141276872,5779.14906776,1.26732
18.9,50.7,10.8,3174.1053170600003,10760.702999999747,11032.2765070483,5791.851855700001,0.03173
11.0,80.9,12.6,8281.23995832,10925.180000003427,4390.9138605894,5789.143520200001,5.99624
5.8,79.0,17.4,11146.7311396,11786.189999999478,3887.8134082739,5842.7963409,0.5911
9.7,64.6,16.0,9194.86568922,12058.668999999762,7368.858824941301,5861.0046888,0.80014
13.7,60.9,6.5,6112.16044528,11713.949999999255,8635.6790399912,5899.804719840001,0.87727
15.7,54.4,5.2,4875.601122700001,11750.621000001207,9622.1357466363,6043.89094622,6.24344
17.2,52.2,10.6,5839.85744966,11490.470999998972,10465.9723477766,6045.74650326,1.04175
12.3,72.5,13.6,7584.331067460001,10784.167999997735,7394.3325623457,5919.52695784,0.05932
10.7,65.3,14.6,8778.465356100001,10901.930000001565,6758.667272937101,5830.887998040001,0.05379
7.7,86.0,14.5,9644.86049366,12108.05199999921,4004.5553382977005,5670.471203040001,5.95648
8.8,79.2,8.6,8747.506998,12200.349000001326,4374.1120961463,5679.2823212,1.71976
11.7,69.9,9.9,7601.93385932,12003.196999998763,8703.2524366011,5816.95187578,0.99438
12.8,65.4,10.3,6563.45525076,10854.585999999195,7398.9220553019,5745.3157073600005,1.39061
12.4,73.6,6.6,6934.16110288,10748.09500000067,8098.6028585306,5849.62412414,5.72107
14.7,63.7,8.2,4901.68725468,9701.972000000998,8024.8398009223,5845.401898540001,2.875
14.6,59.1,13.9,7753.467313880001,9554.129000000656,7544.299959575401,5762.9490548,0.02866
12.5,58.6,7.8,7210.747435260001,10589.502000000328,7862.7802913444,5557.67944614,0.74252
10.3,66.8,11.6,8642.64024744,10825.688999997452,7030.971326916901,5752.6796021400005,5.86242
12.2,58.1,10.5,7382.6420172200005,11834.722000000998,8438.849578668502,5726.18235872,1.95412
15.0,37.2,24.4,7309.339180800001,11862.142000000924,5206.2698151471,5546.796104100001,2.79149
10.9,43.6,12.0,7277.99748906,12134.645000001416,4437.057900560901,5541.043321720001,2.33024
10.7,44.3,18.1,3793.78,11586.389999998733,4558.456729887001,5586.21558008,5.06703
11.0,33.4,13.9,3793.78,11535.0,4324.9054634933,5663.7961977,0.54627
15.2,41.0,18.3,309.5558032,12364.3209999986,9025.5807915192,5782.921293,2.6631
13.4,57.8,15.1,5618.976717400001,12130.412999998778,7676.800321033101,5764.410167080001,1.93611
9.8,47.5,8.6,6892.73329196,12585.316000001505,6030.045701545901,5797.3240823,6.05111
11.2,55.4,9.5,6826.363794420001,12513.131000002846,9199.987385276201,5675.435095900001,1.32997
12.0,60.7,9.9,6487.110745240001,12382.446000000462,7985.415880585901,5594.74336468,1.44523
11.6,60.4,10.2,6884.152729540001,11686.58199999854,7769.5192154490005,5399.854319880001,0.15264
14.5,58.0,12.5,5280.11255742,11401.263000000268,7579.5388250322,5410.7126619,4.70785
13.9,59.6,16.0,4940.617841380001,12364.492999998853,8074.195899821,5365.25151442,1.4064
12.4,55.8,9.8,6700.12202676,12311.616000000387,4506.3164558233,5412.32932986,1.99052
9.7,59.3,11.0,7195.87520114,12626.166000001132,5695.877275399801,5358.32928666,1.09464
9.5,61.8,13.9,8072.7147915000005,12302.474000001326,5442.3649384284,5474.38771284,7.17589
7.2,74.6,12.1,8743.26532794,12681.48999999836,3737.6848219557005,5389.04875568,0.57829
14.7,39.8,21.1,4799.31772834,11402.186999998987,4784.203513686601,5334.4820453600005,0.23864
7.3,43.9,16.4,7668.0339122000005,11584.28200000152,3584.3998602136003,5357.990397500001,2.46
2.6,79.7,10.3,12372.94878724,12037.963999999687,3907.5751905240004,5345.76538772,4.6819
0.1,85.2,11.5,13818.57494374,12746.17199999839,3508.9516439528,5456.71547648,83.41433
1.0,81.3,10.8,13485.849677560002,12640.18200000003,3350.0778169058003,5326.72370582,120.1441
0.3,74.3,11.4,13742.21099376,12648.417999999598,3377.8550929204002,5669.74342468,120.57055
-0.6,83.4,14.2,15111.973200680002,12627.776000004262,3416.0539761842,5602.61837098,124.79572
-6.0,72.8,15.9,19821.44363492,11888.45399999991,3581.4017431675,5605.02948402,117.10605
-7.8,81.9,11.2,22332.506754880003,11846.259999996051,3564.7582371022004,5604.271150080001,118.3996
-5.8,88.6,15.5,21298.20592744,12632.528000002727,3525.9409738807003,5448.9626925,120.50477
-1.8,73.5,13.9,17596.7918552,12558.573999999091,3721.3050798534005,5609.20170958,61.5714
-4.7,84.7,19.6,20545.327547360004,12362.058999998495,3618.8767408884,5601.640592420001,0.92398
-9.2,79.4,9.6,25459.184256220004,12409.619000002742,3600.5275611957004,5579.62113036,2.21167
-10.1,86.7,12.3,25715.4789057,12134.473999997601,3344.1929498202003,5565.5877858,0.22696
-13.1,77.0,11.2,27419.127490840005,11256.155000003055,3431.1354134464004,5463.48492634,6.20716
-11.7,65.4,7.9,26691.757464500002,11380.927999997512,3600.9232071402007,5437.465461080001,0.82259
0.4,58.2,8.2,16174.54905074,12267.781000001356,3697.6659673472004,5149.968008860001,1.77653
8.6,52.0,25.2,9022.91555166,12368.289999997243,3856.3375753559003,5429.551565860001,47.64498
1.9,90.6,9.2,13919.444468880001,12178.691000001505,3328.8917092555002,5355.16261746,125.00909
1.4,83.9,9.6,14068.72792164,12333.991999998689,3204.6412984183003,5360.326510480001,124.34747
5.8,67.0,20.8,10240.02763646,12139.906999999657,3571.8945176567004,5299.4792395800005,122.22664
1.8,57.5,12.6,12949.907582140002,11409.184000000358,3346.5697561979,5222.7764004400005,117.40148
8.7,41.0,15.0,8674.218050480002,11491.012000001967,4014.6223295522004,5502.72940218,126.69141
14.0,28.3,15.1,4825.134415660001,11816.517999999225,8759.9294508284,5341.20705074,50.99846
12.4,27.6,16.5,7563.161606080001,12089.848000001162,3846.2031777553,5479.20160558,7.54706
10.1,50.7,15.7,6528.1468891800005,12015.13000000082,4024.1324857737004,5457.432143720001,2.52362
8.2,71.4,17.2,8525.737376140001,11958.41399999708,4075.0242770792,5158.354126680001,7.38302
0.7,83.2,8.0,14115.061292040002,12084.884999999776,3930.7453893182,5190.054152040001,1.37862
-2.5,89.3,27.4,17593.5696304,11530.878000000492,3781.9444149471,5145.40133854,0.53629
-9.1,73.4,39.0,24361.233377860004,11546.967000002041,3164.3352341612003,5095.5040764000005,0.0959
-6.0,64.3,10.1,21068.597410420003,12313.381999997422,3314.135580881,5258.31531776,74.54247
-1.9,86.1,22.4,18663.24270836,12414.53800000064,3521.9259002217004,5412.30710762,56.25007
-10.3,77.8,14.4,25379.6175259,12061.762000001967,3704.2864428185003,5369.26540652,0.55605
-5.8,59.2,10.2,21746.47850828,12421.221999997273,3775.6551097849,5339.3542714800005,1.53569
-2.9,63.2,8.3,18577.437084160003,12295.707000000402,3745.7442763807003,5275.14588678,5.43094
-2.4,68.0,13.6,18469.178664220002,11591.935000002384,3804.7365520610006,5148.21522968,2.72
-3.2,57.4,12.2,18503.16480252,11632.189999997616,3898.9559703553,5227.565293160001,0.00867
-0.7,54.3,9.1,16601.160503140003,12660.441000003368,3810.5129828507,5326.420927800001,1.23096
-0.6,84.8,13.4,16440.732597020004,12782.3209999986,3676.0490452240006,5221.604177280001,6.91194
-5.4,88.3,10.4,20300.66068496,12769.055999999866,3660.047364802,5106.41519624,1.99125
-10.8,85.7,8.8,27001.8827126,12823.185000000522,3436.8825371291005,5296.04034794,16.53687
-5.3,70.0,10.5,21909.00919386,12448.38599999994,3727.7819505004004,5407.251548020001,4.29861
-0.2,55.0,11.3,17232.62767498,11575.815999999642,3681.9075359133003,5486.79327832,7.19711
-5.9,72.1,5.2,19232.437608160002,11473.632999999449,3639.4503300024003,5450.59047158,5.61
-2.9,66.6,9.7,18318.1952101,12246.94099999778,3342.0828381162005,5482.696052820001,4.02186
-1.9,68.7,9.2,17252.56380204,12619.193000001833,3574.7578220106,5435.65157074,5.72782
-2.0,67.3,14.3,17311.59162704,12662.638000000268,3619.3016939399004,5557.43222372,5.43116
-0.2,63.2,16.9,15461.137368900001,12184.24400000088,3732.1223330471003,5520.2960829,5.21401
5.1,44.1,13.4,10430.6750112,11906.947999998927,3821.3038596481006,5508.626629120001,0.57147
-0.9,62.0,20.7,15740.001480880002,11420.547000000253,3678.9240724207,5460.90436872,0.00738
-1.1,49.9,10.8,16221.243532540002,10621.933000000194,3529.9912160681,5440.098796520001,4.70032
2.4,43.2,16.3,13113.327157320002,11980.31200000085,3657.1078619699,5482.55716382,1.2492
-1.4,51.5,10.9,15933.13219094,12251.346999999136,3760.5004047552,5532.948870800001,3.03802
0.2,56.9,5.0,14435.053214700001,11877.76600000076,3868.6055303461003,5602.39059302,2.47791
4.3,50.5,10.5,11136.40057578,11931.776999996975,3915.4089802251005,5608.2767088400005,17.77502
6.1,43.1,10.6,10654.341856800002,12632.890000002459,4739.4750069832,5625.72116724,0.69428
5.0,38.8,8.0,11838.67058204,11808.393999999389,4784.9860134435,5660.4073061,0.00861
7.2,31.4,19.4,11098.0783229,11590.655999999493,4654.068235763801,5647.0239620600005,0.00708
8.3,41.2,14.4,9580.788220180002,12427.065999999642,5100.5737337516,5680.27676644,9.71319
5.0,65.7,11.5,10525.613976040002,12634.815000003204,4866.4304637965,5667.979534380001,1.46219
-1.4,92.9,7.6,17531.48346962,12690.463999997824,4386.4914181431,5584.807245620001,2.84621
-7.2,82.0,6.7,21754.672959280004,12337.520000001416,3912.1265842411003,5528.48775612,3.93098
-8.7,92.0,12.2,24814.44485154,12467.102999998257,3563.7881718605004,5452.2988062800005,8.61994
-8.8,82.6,16.2,25868.27625016,11649.752000000328,3572.1641430411,5464.17659356,1.38902
-16.2,83.5,15.0,32765.998435,11524.865999998525,3549.9024645639,5399.99598666,0.27389
-9.2,75.6,9.7,26422.91836054,12083.57300000079,4007.8377342817002,5392.8932032,4.5357
-1.8,59.0,10.9,19163.10977492,12043.438000002876,4705.628229108901,5483.834942620001,11.52732
0.8,53.2,12.5,16268.47412588,11987.105999998748,4525.5301951725005,5398.712652300001,7.53721
-2.4,72.6,13.7,18976.329069940002,11832.224999999627,3758.6042349323,5497.39884236,0.05365
-4.3,70.8,13.0,20030.92435806,11748.166000001132,3661.2899861388,5505.762737940001,6.58151
2.2,43.8,20.4,14793.147945620001,11033.872999999672,3925.5551006685005,5577.04057274,8.06942
1.9,50.9,22.2,15126.19821206,10954.484999999404,3782.0118212932002,5582.52113268,0.00803
-1.1,62.9,12.8,18290.025743120004,11238.174999998882,3607.5612668757003,5539.584987220001,0.80988
-7.5,89.3,21.9,23056.726778700002,11046.25500000082,3638.2370157726004,5390.13208988,0.06018
-6.7,63.1,15.2,24923.56438328,11026.764000000432,3645.3498506415003,5391.0126461400005,14.44158
3.9,37.4,22.6,16383.326995540003,10945.199999999255,3798.113145879,5526.77942142,0.01009
-3.4,66.4,8.5,19368.637717120004,10841.245000001043,3512.5886559315004,5518.65441492,1.10969
-5.6,86.3,13.6,21335.978179880003,10697.52199999988,3514.8921945417,5384.12097396,0.26082
-8.9,90.6,6.8,24883.52268458,10502.612999998033,3816.7788423273,5411.004328800001,9.09843
-8.0,78.6,5.7,22668.2264679,10945.469000000507,3666.1930651399,5400.398764760001,0.10792
-10.8,75.0,4.7,25918.26795682,10927.262000000104,3424.9779902657,5367.940405460001,7.84466
-2.6,57.4,8.5,20176.655030200003,10841.671000001952,3717.0819257347007,5362.22095644,0.08845
-5.3,76.0,5.5,20581.949798880003,10807.302999999374,3771.6429668366,5360.590399580001,4.76478
-0.3,58.8,10.9,17538.63347534,10722.503000000492,4003.1163593440006,5403.18765588,2.385
2.3,52.6,17.8,14118.133516720001,10535.381000000983,3655.7157743874004,5423.97378362,0.00548
1.6,52.3,23.8,15294.912235920001,10459.976999998093,3778.6737418059006,5477.9488268000005,0.08925
-1.4,59.7,12.3,18081.41168734,11155.941000001505,3797.6764699847,5442.05157586,4.92025
-0.2,62.6,15.6,16584.66882328,11310.300999999046,4153.5292246001,5424.690450860001,0.96877
-1.1,64.9,7.8,16599.41050174,11505.825999999419,4083.7109035940002,5321.84036858,0.06609
-4.4,67.5,4.9,19187.35146098,11180.621999999508,3710.4702423955005,5379.94041506,1.64105
-9.7,72.4,4.3,22568.04027664,11098.356000000611,3214.6467447481004,5322.4792579800005,25.16255
-7.6,66.5,7.2,22129.29825898,10258.696999998763,3366.4927275365003,5371.9348531000005,2.74195
1.0,53.4,22.3,16640.54664576,9957.897999998182,3501.6541743098005,5393.4209814000005,6.36543
3.4,46.4,16.5,13261.430053580001,10858.66300000064,3736.7411331103003,5406.43210292,4.77796
2.2,58.8,11.0,13972.250066680002,11146.307000001892,3911.6283634221004,5410.14599478,13.63036
2.0,55.6,30.2,15164.564909420002,11204.08400000073,3689.9962974453,5360.068176940001,5.54828
-2.8,47.8,16.3,19832.60475496,11060.665999997407,3476.0573470560003,5391.20709074,2.79432
1.4,50.6,22.6,16286.963029560002,10956.910000002012,3574.0163522035004,5400.395986980001,3.65237
1.6,43.3,16.9,16595.066053820003,10224.905999999493,3707.4047190033,5373.804299040001,13.26365
1.3,59.2,17.3,15617.695827480002,10124.19500000216,3744.4782093583003,5448.332136440001,0.89801
-0.9,63.9,14.4,17221.455443820003,11082.702999997884,3701.8949828873,5454.55714142,8.1489
-0.1,48.8,18.9,16977.35524854,11328.973000001162,3639.0986447184005,5332.282043600001,10.58024
-3.4,59.5,13.1,18652.878811180002,11360.64999999851,3734.9416767405,5333.50148902,9.88396
-6.8,63.9,9.4,23675.999496340002,11314.73600000143,3427.348935222,5371.223741420001,3.68495
-8.6,68.5,8.0,25522.264862240005,11065.181999998167,3373.7608900725,5308.140357620001,3.82196
-10.2,72.7,10.4,27908.7584381,10386.556000001729,3322.400185055,5289.529231620001,2.94177
-15.3,85.4,7.0,31377.930657880002,10321.301000000909,3289.7549985677006,5232.37363034,10.86009
-15.5,85.4,14.6,32957.44581038,11249.254999997094,3314.135580881,5278.44311164,8.9196
-15.0,85.8,10.3,32640.548334640003,11525.57000000216,3177.4794716507004,5279.159778880001,5.88978
-12.7,87.8,7.5,31262.48056552,11380.867000000551,3419.0755389159003,5236.504189200001,4.17247
-14.8,85.9,9.1,33058.59033574,11368.315999999642,3333.0298727639,5105.334639820001,9.99801
-12.4,84.9,6.3,29168.25389014,10941.731999998912,3441.7475168911,5177.27358626,6.65482
-9.8,71.5,4.9,24895.5893609,10374.156000001356,3343.7416203724,5364.4542915600005,0.98636
-4.2,70.5,7.4,20963.09732602,10239.80199999921,3504.3621509966006,5473.1654896400005,5.91951
-4.1,77.9,7.4,18536.15094002,11194.81799999997,3517.7554988956003,5321.16814582,6.56586
-10.9,86.1,13.7,27605.26652864,11332.28599999845,3317.6846715387005,4967.7678631,5.55989
-15.1,80.5,7.7,31627.49474642,11228.859000001103,3373.3652441280005,5026.920688200001,5.81937
-8.1,75.2,11.5,26417.11002256,11059.953999998048,3537.514350435,5138.98188896,6.24982
-16.6,83.8,13.0,35506.98118334,11170.522000001743,3634.9399662351,5168.60969044,7.62577
-21.7,77.3,11.1,40572.11023544001,10402.232000000775,3610.7293651424006,5369.043184120001,3.99707
-26.5,75.6,9.6,44023.42966316,10291.786000000313,3600.2520743899004,5342.0598292,0.01243
-26.5,72.9,11.7,45248.05564286,11061.0,3649.9334821763005,5243.8236395,3.86153
-27.6,66.2,11.2,47830.43826432,11087.359000001103,3668.9625867514,5283.040337540001,10.7185
-28.0,63.8,12.7,47977.18004838,11064.734999999404,3623.5600165870005,5321.27370146,5.24149
-29.4,67.2,13.5,50275.9013318,11017.014000000432,3697.648383083,5375.112633420001,5.70464
-20.9,69.9,13.6,40985.16889922001,10640.432999996468,3858.7876495011,5262.5180989,1.11904
-21.4,74.7,12.3,40016.707013340005,9702.315999999642,3693.5190117067,5317.012586940001,9.02461
-24.7,75.0,20.1,42682.834146240006,9567.303999999538,3787.3134769495005,5264.35976704,2.28565
-21.4,75.0,9.6,38073.41656982,10211.84100000374,3771.3674800308004,5232.959741920001,5.89336
-12.8,78.4,5.5,28817.020275820003,11068.863999998197,3686.2449877493,5270.57088312,7.60651
-9.4,71.4,14.0,27578.85261862,11077.93700000085,3682.3823110467,5341.31260638,12.0475
-10.1,66.0,10.5,28335.717113000002,10973.401000000536,3690.1545558231,5343.6153859999995,7.42317
-0.7,43.4,22.6,19012.054098520002,11196.484999999404,3844.2132251900007,5434.601569900001,8.45587
-1.1,39.5,24.8,18886.273442340003,10454.432999998331,3827.0861518592,5450.2543602000005,0.93354
3.2,44.7,25.8,14300.630884940001,10372.098000001162,3974.5331378869,5291.157010700001,11.86678
3.1,64.1,21.0,14144.458537780001,10947.623000001535,3892.5699517400003,5230.40973988,7.65906
-2.2,76.2,11.6,19510.046163580002,11249.568999998271,3812.0193681505,5331.27926502,8.09456
-4.0,56.5,14.4,22305.578955560002,11271.360999999568,3727.6852370473002,5309.5542476400005,9.86388
0.0,39.7,22.4,16864.988491980002,11326.479000002146,4021.9491063022,5311.451471380001,15.13802
-6.7,68.0,16.6,24189.95268528,11148.950999997556,3994.0516711489004,5248.395865380001,3.94348
-11.0,75.7,9.0,27219.213442020002,10506.582999998704,3737.8694567298003,5301.94590822,4.52747
1.0,46.2,21.1,16234.224098480001,10451.266000002623,3906.8483742704,5361.5015114200005,34.79729
5.0,46.9,23.2,12496.37944154,11161.903999999166,3924.3710935457007,5400.8265428800005,87.42289
1.7,60.0,9.1,14860.0396658,11177.843000000343,3915.8075568803006,5402.15154394,0.62266
2.0,55.9,9.0,14143.977981840002,11284.451000001281,3987.0707182615,5413.88766444,0.89605
1.7,60.7,6.1,14120.411296320002,11084.125999998301,4087.2863706480002,5490.52383686,4.45332
5.0,48.3,14.3,12107.0652412,10913.987999999896,3919.1046064178004,5444.10991084,4.80253
2.1,63.8,14.9,14319.372566600001,10504.585000000894,3845.9511366351003,5460.026590240001,0.11857
0.7,49.0,10.8,15924.5266285,10432.552999997512,3844.7114460090006,5393.984870740001,0.00889
0.5,55.2,13.0,16706.44114292,11308.615000002086,3940.3141597537,5409.4293275400005,1.12179
-0.8,66.2,10.0,17245.780463280003,11472.324000000954,3956.6704561704,5420.284891780001,9.50923
-5.3,62.6,16.7,22011.806498320002,11417.310000000522,3854.9601413269,5302.86257562,0.976
-4.6,61.8,10.2,22011.806498320002,11377.488999998197,3668.3324839509005,5320.44036746,4.22984
5.9,32.3,9.5,12180.3569665,11255.341000001878,3932.1374769007,5265.890323820001,4.8454
5.3,49.2,13.1,11271.982628689999,10501.66599999927,3885.7369997429505,5207.359721440001,2.4808749999999997
7.3,39.8,13.5,10363.60829088,9874.32899999991,3839.3365225852003,5148.82911906,0.11635
1.4,48.8,19.3,14787.022940720002,11177.835999999195,3851.4960412795003,5360.8931776,7.8662
-0.1,58.8,8.9,15875.37936696,11244.614000001922,3875.5278690195005,5336.81538056,5.03135
1.6,55.5,9.2,13961.138946680001,11325.395999999717,3905.1251163788,5176.479141180001,14.53916
6.1,41.4,10.0,10598.061256220002,11170.204999998212,3937.3541419467006,5115.97909278,9.51441
7.9,38.0,20.5,9372.77416488,11134.67100000009,3989.7376649985003,5172.329137860001,1.17469
4.4,37.4,19.0,12834.69360108,10423.041999999434,3791.2845899480003,5249.00142142,1.45409
1.0,46.4,16.1,15571.573568360001,10304.634999999776,3618.1880238739004,5311.20702674,5.9593
2.5,48.7,19.9,15077.509284220001,11144.680999999866,3635.9246850303,5369.57096232,24.64733
-0.3,62.3,12.2,20035.868806460003,11254.097000002861,5710.803384994901,5345.30427624,1.25437
3.8,48.8,17.1,18441.33975306,11302.110999999568,7566.2509827184,5280.882002480001,6.76572
-4.2,93.3,12.6,24996.88388638,11205.985999999568,7357.185804223201,5457.018254500001,14.09842
-1.9,85.4,8.5,22906.273880560002,11095.5979999993,7321.774026835101,5461.4279802500005,4.55161
3.8,61.6,13.3,18485.731455240002,10398.592000002041,7521.419901140501,5465.837706,0.13337
7.5,46.1,27.9,15750.99037856,10309.542999997735,7833.857107446101,5327.8264844800005,3.30239
-6.2,60.5,42.7,27334.63020102,11255.270000001416,7295.802068611701,5399.55709742,6.37596
-3.1,44.9,17.4,25553.862109740003,11425.480999998748,7139.9615271392,5431.5210118800005,6.49546
5.0,34.5,22.1,18557.292623600002,11224.79600000009,7769.3111349893,5400.3793203000005,3.3245
7.5,33.9,22.4,16194.332399900002,11081.9020000007,8022.3047361668005,5336.970936240001,4.40774
4.2,47.5,12.8,17671.33635928,10808.598999997601,7703.554779013401,5351.809837000001,4.88347
5.5,43.2,10.5,16795.707881000002,10539.042000001296,7766.565059063401,5389.529311620001,0.77236
1.9,66.3,15.1,19445.72111212,10625.667999999598,7496.209927699101,5347.9626117,0.07936
3.2,53.2,8.2,19272.40986236,10940.707000000402,7749.2885194869,5400.27654244,3.73766
6.7,34.7,12.6,16370.765874380002,11193.041999999434,7982.2067523694,5424.829339860001,6.00684
7.6,35.7,15.0,15462.254036460003,10831.332999998704,7989.0030704827,5369.59040678,6.80732
1.8,63.5,20.6,19331.68490978,11333.314000001177,7566.2275370328,5328.49592946,1.58787
2.4,46.6,15.4,19077.42359526,11198.343000002205,7605.8185078791,5395.140427220001,5.15862
1.5,48.5,22.0,19963.26041504,10563.17100000009,7423.4521038609,5499.45717734,4.81225
-0.5,46.1,17.7,22271.242816980004,10502.077999999747,7371.209254922701,5490.754392600001,0.78284
-1.2,59.1,11.9,22192.451087280002,11270.76399999857,7338.842485951901,5489.49883604,5.12498
-0.8,48.4,9.2,21786.661873760004,11473.110000001267,7488.0039377391,5433.968236060001,9.34743
3.6,37.9,10.1,18239.217369140002,11385.608999997377,7724.913798595,5480.9627181,12.15428
5.8,37.6,10.9,12540.34614338,11110.99100000225,5398.512714224301,5450.212693500001,4.46752
7.5,33.7,6.2,9792.066166980001,10883.842000002041,4078.9748751028,5416.432110920001,7.47512
9.8,31.6,10.0,8308.548313500001,10120.190999999642,3959.3842942786005,5411.4348847,4.45075
0.0,83.3,19.3,15672.1375377,10379.956000000238,3682.9567303439003,5436.25990456,4.79524
0.1,64.1,18.8,15795.21541394,11048.530999995768,3705.0982496824004,5465.004372,4.48604
3.0,50.9,9.4,12971.657599540002,11119.487000001594,3791.1263315702004,5535.9905399,6.94219
9.6,35.3,14.7,9628.2715915,10860.348999999464,3955.2256157953,5560.28500378,2.15666
-1.1,74.0,26.5,17528.669578480003,11170.623000001535,3701.8422300947,5352.0598372,7.84493
-2.1,65.0,8.2,18557.348179200002,11133.705000000075,3698.9144501054,5511.704409360001,4.38457
0.1,71.8,9.9,16802.6384421,10601.401000000536,3605.1785990766,5513.96552228,0.74717
0.6,87.9,8.0,15733.25703104,10402.473999997601,3557.5281738053004,5514.9266341600005,0.02368
5.7,50.5,14.0,11975.65402496,10905.547000002116,3321.7085373298,5444.09046638,7.91851
7.9,35.2,17.3,9870.224562840001,11227.181999998167,3543.6043672696,5401.2682099,9.55164
8.7,41.3,17.7,9708.257766600002,11002.941999999806,7193.458720257001,5421.00989236,10.16271
11.9,45.5,13.9,7131.252927220001,10866.599000001326,7162.692119328401,5498.1155096,10.00128
15.2,34.0,21.2,5708.12123316,10611.549000000581,7152.727702948401,5618.95449516,9.95685
6.7,57.8,16.3,10590.91402828,10380.31299999915,3128.2787004191,5572.2489022400005,0.06731
4.9,70.8,17.6,12793.42134584,10351.931000001729,3308.6698054255003,5503.287735960001,0.10042
6.0,65.7,9.8,11050.033840020002,11096.642999999225,3516.9495534531,5210.440279460001,7.0016
6.2,74.8,12.7,10624.67794418,11132.055999999866,3598.267983246,5344.693164640001,10.54882
7.2,55.2,11.0,9664.26328696,10895.192999998108,3676.8022378739,5566.029452820001,5.60197
11.3,42.1,24.4,7269.56970454,10624.430000001565,5862.7578040792005,5625.126722320001,6.27117
10.1,51.3,15.0,7505.77544906,10447.92999999784,3647.9581831645005,5641.46562428,5.83038
2.4,91.2,28.8,13437.45241662,10340.977000001818,3571.2937219632004,5519.77663804,6.61387
1.6,92.9,11.6,15021.47590606,10245.261999998242,3448.1921497204003,5544.1211019600005,0.0376
5.6,64.2,11.0,10763.239166140002,10805.464999999851,3667.3272501808,5544.821102520001,1.05456
7.8,60.3,15.3,8612.25133424,10896.316000001505,3769.6999056425,5627.02394606,5.39476
9.6,50.0,8.9,7921.470226060001,10194.032999999821,3721.8413999115005,5600.412813660001,13.69516
11.0,51.0,13.6,6568.674699380001,10490.110999999568,4145.965060283401,5710.82679088,4.72877
11.9,49.6,6.8,6215.68275032,10695.987999999896,8611.878738396501,5641.182290720001,1.74553
14.7,41.2,10.6,5341.99871804,8793.485999999568,7954.534981940001,5694.254555400001,4.0881
16.9,37.2,13.2,3936.2864823600003,8728.186000002548,9180.978795676001,5706.88789884,5.18534
17.2,43.2,15.1,5484.309943,10335.652999999002,9566.203132926801,5676.73231916,0.91478
11.0,47.5,27.6,7700.30616024,10793.381000000983,3727.424403795,5607.840597380001,4.61677
4.2,65.9,18.6,12192.840309820001,10964.331000000238,3657.8170939593,5657.72952618,1.37785
0.6,75.6,13.7,15393.581759300001,10953.05700000003,3492.3989899192,5592.879474300001,5.74898
4.7,51.0,8.4,11979.67902818,10796.415999997407,3644.7842234764003,5661.468418060001,5.18671
6.4,53.6,10.9,9927.73849774,10183.947000002488,3640.9625767236003,5655.4906355,4.06383
5.0,83.7,15.1,10959.73654556,10288.379999997094,3644.9131747472,5662.6600856800005,0.04494
6.5,91.1,23.1,10267.924881,10639.360000001267,3651.3226390481004,5638.03784376,5.29113
8.5,79.9,11.6,9044.52390228,11130.75,3806.2048381217005,5691.91844242,0.81073
10.6,74.8,19.7,7587.56995894,11113.583000000566,7527.442511629,5652.24896624,1.70291
14.2,49.5,18.6,5190.69304144,10691.554999999702,8370.5522965157,5618.67393938,1.87503
11.1,44.5,20.1,7656.39779178,10853.537999998778,3670.7356667249,5614.71838066,4.96267
12.3,38.5,10.8,6028.92982314,10262.272000001743,7150.406580074,5681.7823232,0.16491
15.3,34.8,9.8,3959.92816794,10200.148000000045,8293.8409439432,5730.543473320001,0.09492
17.4,38.4,11.1,3190.8081082000003,10702.277999999002,9244.076997047001,5721.499021640001,0.94469
19.7,41.2,8.8,2927.4051197000003,10721.120000001043,11224.9003985165,5710.74901304,6.2438
22.1,36.7,7.7,2126.52114566,10542.419000001624,12700.9880110999,5690.13232988,0.68666
22.6,38.7,11.3,721.28391036,10509.025999998674,12686.3110119143,5683.8989915600005,0.14132
20.6,42.8,17.4,1907.3237480800003,10517.012999998406,11429.223687099102,5650.1711868,1.18447
11.9,73.3,16.5,7665.8811327,9983.241000000387,3536.107609299,5708.27678884,4.79372
9.4,70.3,14.8,8163.442641860001,10068.527999999002,3712.7151667917,5884.479707580001,0.24209
7.8,69.4,21.2,8640.77635706,10861.956000002101,4083.2185441964,5619.21560648,2.07543
9.1,69.4,10.6,7779.8256683,10752.715999998152,3986.8362614055004,5667.38231168,0.42463
10.1,83.5,12.0,6864.202713580001,10896.892000000924,4103.5371614795,5656.29063614,9.7924
10.1,76.7,13.6,6990.1305921,10802.500000001863,4100.4013010305,5704.48511914,2.29949
12.3,44.5,11.7,5729.2962501,10694.341999998316,7833.0511620036,5610.868377580001,4.808
13.9,41.8,11.9,5255.604204480001,9991.925000000745,7826.829263187501,5617.63782744,0.05719
17.7,42.5,13.2,3638.46402188,9753.879000000656,10876.518025475401,5631.646171980001,8.713
22.0,50.4,10.9,1325.67050498,10466.234999997541,12822.5597523573,5560.615559600001,4.9106
19.3,55.9,21.7,1015.8008126400001,10582.967000002041,9803.81343364,5569.501677820001,0.47116
16.1,37.9,25.4,6009.85480788,10690.71299999766,7696.4243598803005,5635.5461751,5.26642
15.9,35.8,15.4,4525.46750926,10439.188000001013,8134.035150893601,5677.42398638,10.12946
16.1,47.1,11.8,3472.363889,10470.42699999921,8938.960706070002,5674.510095160001,0.70392
12.8,75.1,12.7,7322.605858080001,9981.108000000939,3949.7657017612,5653.8378564,0.06298
15.2,57.4,15.4,4157.76165954,9762.661000002176,8681.8816941767,5731.6684742200005,0.02354
18.2,42.3,8.3,4053.51157614,10607.26499999687,10484.884223923702,5792.60463408,9.41077
22.8,33.0,15.7,2603.71319408,10687.612999999896,13064.3932071892,5832.12133236,6.05547
18.5,48.7,15.7,787.05062964,10753.116000000387,9218.6325667496,5957.904766320001,6.25342
15.0,74.9,10.0,5609.03782056,10929.944000000134,7397.392224316501,6042.33538942,3.60965
19.9,55.0,16.2,3158.9025271200003,10744.012000000104,10935.580638212501,5899.3463861400005,8.54391
23.5,49.8,12.6,398.85031908,10122.092000002041,13330.431401692402,5963.98532674,0.01506
23.6,52.5,9.6,240.75019260000002,10024.083999998868,14318.368117241,6037.92427478,0.00834
25.4,47.8,13.1,425.33922916000006,10842.955000001937,17235.887688380302,6164.3188203400005,1.4706
27.3,42.3,13.0,535.91153984,10839.97099999711,18962.3078168256,6008.9631405,7.03665
27.3,32.9,18.5,322.81414714000005,10636.925000000745,18817.9117006366,5905.30750202,0.71873
27.0,33.0,19.4,54.705599320000005,10278.128999998793,18523.6712770673,5830.06577516,0.72
22.7,58.3,15.4,566.7837867600001,10360.23000000231,14045.659625184602,5867.343582760001,0.01825
20.0,62.8,11.7,2231.9156744200004,9979.488999998197,10738.4287987128,5922.07973766,4.7619
16.0,86.2,12.9,3594.5834312200004,9922.410000002012,6384.052108420301,5958.143655400001,0.00732
14.8,78.6,8.1,5342.0320514000005,10813.214999997988,6785.568266452401,5972.90477832,1.53537
17.7,74.0,9.9,4270.936750080001,10693.867000000551,8886.4247860618,5943.89919956,1.25783
18.8,73.8,9.1,5128.18188032,10677.33699999936,10182.300066991502,5927.1297417000005,6.09475
19.3,64.4,8.1,3106.26359612,10336.53800000064,10810.8964821917,5836.51300254,0.72133
20.5,57.2,7.1,2684.9743702000005,10470.591000001878,11551.7098100949,5626.02394526,1.10841
22.8,48.9,11.9,2105.16557302,9748.039999999106,13455.092112027602,5759.34349636,0.00805
17.6,64.2,10.7,4038.3393417800003,9609.531999999657,8774.143397723401,5964.34088258,4.74737
18.8,62.2,8.5,3332.1693324,10471.780999999493,10595.3134030997,5976.557559020001,0.89441
20.4,56.5,10.5,2579.3492857,10575.422999998555,11689.5938871085,6009.76036336,0.70394
22.1,53.5,11.6,2429.4824991400005,10557.525000002235,13193.1422589509,6039.824276300001,0.91837
21.7,54.9,10.9,2278.36571158,10468.076999999583,12653.320001564402,6053.599287320001,5.54041
20.5,55.5,14.0,2.3055574,10314.096000000834,11036.0541931406,6040.3631656200005,0.27797
17.1,69.2,17.1,4324.5590152,9699.528999997303,8734.9070428718,5989.19645802,0.08285
16.0,82.1,13.3,5755.854604680001,9560.973000003025,7608.3477112132005,6008.565917960001,0.56102
17.0,83.0,11.4,4090.5116057400005,10346.957999996841,9138.7677694639,6001.53535678,10.39577
17.4,88.5,11.0,1502.06509054,10522.252000000328,7844.9908773954,5994.46590668,6.39649
19.8,64.2,15.2,993.2980168600001,10482.298000000417,9729.118410029101,6048.3520609,5.30275
15.8,59.7,12.6,6011.7131427,10450.80700000003,8283.8853196953,5998.4631321,6.42449
18.1,38.8,15.5,3378.1860358800004,10546.206000002101,10170.181578247,5985.36867718,10.31991
18.8,41.2,9.8,3691.3279530600003,9763.616999998689,10454.143999391401,5938.351972900001,0.52024
18.9,51.4,10.7,2994.99128488,9592.536999998614,9986.5637607599,5977.196448420001,0.19021
18.0,62.7,14.2,3825.2725046600003,10473.1520000007,9825.5153463735,5975.46866926,6.82155
18.0,63.1,14.7,3279.0331787800005,10636.856000002474,9548.3580354745,5983.23534214,10.16394
19.7,58.8,9.9,2472.11031102,10619.805999999866,10968.970225217601,6012.007587380001,7.90842
21.4,58.6,12.3,407.96421526,10578.008999999613,12162.7893674412,6013.60758866,5.01439
21.4,56.8,11.6,1901.4848545200002,10487.757999999449,12461.499124828002,6017.840925380001,8.86224
21.7,48.0,7.3,1976.5821368200002,9823.205000000075,12477.4920131179,6051.13539646,4.73374
24.2,42.8,12.9,2081.52388744,9657.366000000387,14288.1993812952,6055.946511420001,0.0534
21.2,71.8,15.0,1.2916677,9965.572999998927,12272.488799652901,5933.26585772,0.08187
23.3,52.8,10.7,0.4222225600000001,10600.564000001177,12744.195478950001,5844.2546754,6.25635
20.3,56.5,10.5,2790.60501026,10552.3209999986,11559.0805475054,5824.65465972,10.11586
21.9,44.9,11.2,2831.38559844,10523.916999999434,12357.751966048001,5787.743519080001,4.97788
19.9,53.7,11.9,719.6283534800001,10439.632999999449,10416.6309024314,5819.02687744,5.02851
19.0,49.7,15.0,1279.36491238,9743.637000000104,8976.807904049801,5849.9046799200005,0.08735
13.8,66.3,11.0,9091.360050860001,9788.86900000088,6386.499251854801,5680.95732254,5.08435
17.8,54.1,11.5,3948.75871456,10713.370999999344,9733.8515078096,5682.498990440001,4.99928
17.8,53.6,15.8,3280.0470684800007,10634.798000000417,8131.403372685,5668.37397914,8.95001
18.8,44.5,18.3,1389.24277806,10439.952000001445,7894.2678471052,5668.743423880001,5.65666
18.8,42.3,6.9,4057.08102344,10346.238999998197,9536.4593500325,5678.69620962,9.88337
21.2,40.5,8.3,5918.546401500001,10605.941000001505,13047.685225488502,5686.798993880001,5.10211
23.7,33.7,9.8,2374.5018996,9859.931999998167,13309.714207754101,5710.4573461400005,0.45909
22.9,40.9,12.6,2365.49633684,9772.167999999598,13216.784302167802,5718.629574900001,4.2156
16.6,65.4,11.3,5424.13489486,10587.208000000566,8512.0616626652,5682.423990380001,6.39627
10.1,90.8,13.0,10581.669576440001,11124.099000001326,4419.4413985432,5632.632283880001,0.68658
12.4,67.1,13.0,7392.84480316,10745.76399999857,4364.534533578701,5605.557262220001,0.28557
11.8,83.4,13.3,7083.022333080001,10762.106000000611,3908.8090197287,5516.9155246400005,0.84709
13.5,67.7,11.7,5805.779644620001,10590.74700000137,4000.9271184511003,5546.68221512,4.77778
12.2,74.9,13.1,6814.51378494,10068.401000000536,6126.9027594702,5519.89886036,0.21801
12.4,78.6,13.1,7068.4000991600005,10011.64699999988,4092.3711537125,5523.632196680001,0.01716
9.1,80.8,25.7,7942.63690966,10686.730999998748,4124.3393460281,5525.923865180001,0.63232
10.8,64.3,17.0,7366.814226780001,10534.561999998987,4483.840835465,5646.7211840400005,5.19169
13.1,59.0,14.8,6404.007900980001,10392.256000002846,8970.3075877172,5590.015583120001,0.02323
14.7,53.3,6.6,4689.356529260001,10376.357999999076,8588.1048131981,5481.829385460001,2.57644
14.3,62.8,15.5,6499.174643780001,10105.52100000158,6724.641721710101,5536.082206640001,1.25806
14.5,59.3,7.4,4660.3898394200005,9643.514999998733,7625.832331249401,5693.718443860001,4.69023
16.9,47.7,8.7,4730.281562,9425.455000000075,8510.0658486785,5736.26014456,0.00573
16.0,51.7,11.5,4647.9537183600005,10060.868999997154,8366.3467266612,5655.48507994,0.08581
11.9,73.8,15.5,7644.5061156,10372.196000002325,3860.1738756622003,5592.885029860001,4.12367
9.8,67.3,18.2,7395.019804900001,10851.016999999061,3727.336482474,5607.12115236,6.12257
10.9,62.2,15.7,6649.671986400001,10752.241000000387,4275.8512277967,5668.371201360001,0.98744
13.7,56.1,7.7,5156.8041254400005,11049.502000000328,9313.6637919078,5667.071200320001,0.09373
14.7,50.7,8.9,4827.7788622200005,10477.474999999627,8644.441864984201,5699.337892800001,4.55454
20.4,33.2,15.8,0.10277786000000001,10247.882999999449,10174.926398870302,5754.11849218,9.16187
15.5,46.0,10.5,6571.31359038,10340.11400000006,8616.899045825601,5750.47960038,0.04643
14.6,49.3,9.3,5629.22950338,11093.763000000268,9157.254692559502,5943.8880884400005,7.46504
14.5,56.5,9.6,5863.31302398,11095.51099999994,7653.363427565201,5734.25736518,6.35238
16.9,55.2,8.6,5272.659773680001,10815.209999999031,9594.6339574275,5594.701697980001,14.67774
14.3,65.9,13.7,5524.36830838,10751.799000002444,6838.7753192109,5712.401792140001,4.75526
11.6,88.7,10.6,7620.16442946,10356.371999999508,3503.7701474352,5704.868452780001,4.76
11.8,85.2,11.7,6660.405328320001,10255.894999999553,3604.0590675892004,5688.95177338,4.76
11.6,68.5,6.2,7347.69754482,10975.528000000864,5795.105278280401,5673.41842762,4.66642
12.6,50.9,8.9,6210.4771906000005,11272.155999999493,4635.0010319496005,5725.624024940001,13.40639
7.8,65.1,17.0,8868.007094400002,11622.857000000775,3856.8826875461004,5649.629519700001,6.21849
8.2,40.4,15.4,9433.907547120001,11123.420999996364,4104.9937246974005,5678.2684315,4.59253
9.0,52.1,8.1,9192.935132120001,11277.61600000225,8196.4798037785,5704.31289678,7.96849
16.6,41.9,22.8,8417.587289620002,6714.072000000626,6173.4746832039,5598.95586805,7.96849
11.0,43.9,11.7,7642.2394471200005,9917.85899999924,4150.4695626293005,5493.5988393200005,7.96849
9.2,51.8,9.3,8975.87384736,11267.207999998704,7513.073237066901,5415.61266582,7.96849
14.3,39.4,16.9,4909.26503852,11416.990000000224,9215.748747420801,5432.55434604,7.96849
14.9,42.9,12.7,7523.106018480001,10970.955000001937,7894.1183808595,5436.90434952,7.96849
9.7,49.9,8.8,8461.09287998,11291.447000000626,5664.858633351,5375.923745180001,7.96849
13.7,49.4,10.6,5704.22956338,11149.703999998048,10045.963405227501,5368.190405660001,7.96849
15.7,53.6,9.9,6367.84120538,9898.775000002235,7461.2729254444,5510.46829726,5.21677
15.1,54.8,8.8,5327.54870648,9933.679999999702,9321.236748356601,5619.4072733,3.44568
15.7,45.1,16.9,5794.343524360001,10997.648000000045,9140.532057305301,5605.340595380001,6.54593
12.2,42.1,16.8,8060.034225800001,11253.027999997139,3833.8150636264,5587.42669216,12.77636
9.8,40.6,12.2,9048.61279444,11604.058000002056,7064.976363169,5607.75170842,14.65614
14.0,44.9,13.9,6312.818939140001,10518.37299999781,8190.852839234501,5584.34335636,3.44666
